time,in,out
-2.0,-0.0235448308929669,-0.0243686281090206
-1.98333333333333,-0.0231266288614002,-0.0239504260774538
-1.96666666666667,-0.0227084268298334,-0.0235322240458871
-1.95,-0.0222902247982667,-0.0231140220143203
-1.93333333333333,-0.0218720227666978,-0.0226958199827514
-1.91666666666667,-0.021453820735131,-0.0222776179511847
-1.9,-0.0210356187035643,-0.0218594159196179
-1.88333333333333,-0.0206174166719975,-0.0214412138880512
-1.86666666666667,-0.0201992146404308,-0.0210230118564844
-1.85,-0.019781012608864,-0.0206048098249177
-1.83333333333333,-0.0193628105772973,-0.0201866077933509
-1.81666666666667,-0.0189446085457284,-0.019768405761782
-1.8,-0.0185264065141617,-0.0193502037302153
-1.78333333333333,-0.0181082044825949,-0.0189320016986485
-1.76666666666667,-0.0176900024510282,-0.0185137996670818
-1.75,-0.0172718004194614,-0.018095597635515
-1.73333333333333,-0.0168535983878947,-0.0176773956039483
-1.71666666666667,-0.0164353963563279,-0.0172591935723815
-1.7,-0.016017194324759,-0.0168409915408127
-1.68333333333333,-0.0155989922931923,-0.0164227895092459
-1.66666666666667,-0.0151807902616255,-0.0160045874776792
-1.65,-0.0147625882300588,-0.0155863854461124
-1.63333333333333,-0.014344386198492,-0.0151681834145457
-1.61666666666667,-0.0139261841669253,-0.0147499813829789
-1.6,-0.0135079821353585,-0.0143317793514122
-1.58333333333333,-0.0130897801037896,-0.0139135773198433
-1.56666666666667,-0.0126715780722229,-0.0134953752882765
-1.55,-0.0122533760406562,-0.0130771732567098
-1.53333333333333,-0.0118351740090894,-0.012658971225143
-1.51666666666667,-0.0114169719775226,-0.0122407691935763
-1.5,-0.0109987699459559,-0.0118225671620095
-1.48333333333333,-0.0105805679143891,-0.0114043651304428
-1.46666666666667,-0.0101623658828203,-0.0109861630988739
-1.45,-0.0097441638512535,-0.0105679610673072
-1.43333333333333,-0.0093259618196867,-0.0101497590357404
-1.41666666666667,-0.00890775978812,-0.0097315570041736
-1.4,-0.0084895577565532,-0.0093133549726069
-1.38333333333333,-0.0080713557249865,-0.0088951529410401
-1.36666666666667,-0.0076531536934197,-0.0084769509094734
-1.35,-0.0072349516618508,-0.0080587488779045
-1.33333333333333,-0.0068167496302841,-0.0076405468463377
-1.31666666666667,-0.0063985475987173,-0.007222344814771
-1.3,-0.0059803455671506,-0.0068041427832042
-1.28333333333333,-0.0055621435355838,-0.0063859407516375
-1.26666666666667,-0.0051439415040171,-0.0059677387200707
-1.25,-0.0047257394724503,-0.005549536688504
-1.23333333333333,-0.0043075374408815,-0.0051313346569351
-1.21666666666667,-0.0038893354093147,-0.0047131326253683
-1.2,-0.003471133377748,-0.0042949305938016
-1.18333333333333,-0.0030529313461812,-0.0038767285622348
-1.16666666666667,-0.0026347293146145,-0.0034585265306681
-1.15,-0.0022165272830477,-0.0030403244991013
-1.13333333333333,-0.001798325251481,-0.0026221224675346
-1.11666666666667,-0.0013801232199121,-0.0022039204359657
-1.1,-0.0009619211883453,-0.001785718404399
-1.08333333333333,-0.0005437191567786,-0.0013675163728322
-1.06666666666667,-0.0001255171252118,-0.0009493143412655
-1.05,0.0002926849063548,-0.0005311123096987
-1.03333333333333,0.0007108869379216,-0.000112910278132
-1.01666666666667,0.0011290889694883,0.0003052917534347
-1.0,0.0015472910010572,0.0007234937850036
-0.983333333333333,0.001965493032624,0.0011416958165703
-0.966666666666667,0.0023836950641907,0.0015598978481371
-0.95,0.0028018970957575,0.0019780998797038
-0.933333333333334,0.0032200991273242,0.0023963019112706
-0.916666666666667,0.003638301158891,0.0028145039428373
-0.9,0.0040565031904577,0.0032327059744041
-0.883333333333334,0.0044747052220266,0.003650908005973
-0.866666666666666,0.0048929072535933,0.0040691100375397
-0.85,0.0053111092851601,0.0044873120691065
-0.833333333333333,0.0057293113167268,0.0049055141006732
-0.816666666666666,0.0061475133482936,0.00532371613224
-0.8,0.0065657153798603,0.0057419181638067
-0.783333333333333,0.0069839174114271,0.0061601201953735
-0.766666666666667,0.007402119442996,0.0065783222269423
-0.75,0.0078203214745627,0.0069965242585091
-0.733333333333333,0.0082385235061295,0.0074147262900758
-0.716666666666667,0.0086567255376962,0.0078329283216426
-0.7,0.009074927569263,0.0082511303532093
-0.683333333333334,0.0094931296008297,0.0086693323847761
-0.666666666666667,0.0099113316323965,0.0090875344163428
-0.65,0.0103295336639654,0.0095057364479117
-0.633333333333334,0.0107477356955322,0.0099239384794785
-0.616666666666666,0.0111659377270989,0.0103421405110453
-0.6,0.0115841397586657,0.010760342542612
-0.583333333333333,0.0120023417902324,0.0111785445741788
-0.566666666666666,0.0124205438217992,0.0115967466057455
-0.55,0.0128387458533659,0.0120149486373123
-0.533333333333333,0.0132569478849348,0.0124331506688812
-0.516666666666667,0.0136751499165015,0.0128513527004479
-0.5,0.0140933519480683,0.0132695547320147
-0.483333333333333,0.014511553979635,0.0136877567635814
-0.466666666666667,0.0149297560112018,0.0141059587951482
-0.45,0.0153479580427685,0.0145241608267149
-0.433333333333334,0.0157661600743353,0.0149423628582817
-0.416666666666667,0.0161843621059042,0.0153605648898505
-0.4,0.0166025641374709,0.0157787669214173
-0.383333333333333,0.0170207661690377,0.016196968952984
-0.366666666666667,0.0174389682006044,0.0166151709845508
-0.35,0.0178571702321712,0.0170333730161175
-0.333333333333333,0.0182753722637379,0.0174515750476843
-0.316666666666666,0.0186935742953047,0.017869777079251
-0.3,0.0191117763268736,0.0182879791108199
-0.283333333333333,0.0195299783584403,0.0187061811423867
-0.266666666666667,0.0199481803900071,0.0191243831739534
-0.25,0.0203663824215738,0.0195425852055202
-0.233333333333333,0.0207845844531406,0.0199607872370869
-0.216666666666667,0.0212027864847073,0.0203789892686537
-0.2,0.0216209885162741,0.0207971913002204
-0.183333333333334,0.0220391905478429,0.0212153933317893
-0.166666666666667,0.0224573925794097,0.021633595363356
-0.15,0.0228755946109764,0.0220517973949228
-0.133333333333333,0.0232937966425432,0.0224699994264895
-0.116666666666667,0.0237119986741099,0.0228882014580563
-0.0999999999999996,0.0241302007056767,0.0233064034896231
-0.083333333333333,0.0245484027372434,0.0237246055211898
-0.0666666666666664,0.0249666047688123,0.0241428075527587
-0.0499999999999998,0.0253848068003791,0.0245610095843254
-0.0333333333333332,0.0258030088319458,0.0249792116158922
-0.0166666666666666,0.0262212108635126,0.0253974136474589
0.0,0.0266394128950793,0.0258156156790257
0.0166666666666666,0.0268955214831038,-0.0846795601270422
0.0333333333333332,-0.373852319076926,-0.0745094581094854
0.0499999999999998,-0.172851095749558,-0.0740912560779165
0.0666666666666664,0.0332994941234148,0.132210613602798
0.083333333333333,0.0337176961549815,-0.0683729032318347
0.0999999999999996,0.0444473834360771,-0.0679547012002679
0.116666666666666,0.034554100218115,-0.0626505446295823
0.133333333333334,0.0401259177610051,-0.0622323425980156
0.15,0.743163978459585,0.139270041667501
0.166666666666667,5.21023699630287,0.697869201540065
0.183333333333334,7.76185797701989,2.75420081477196
0.2,11.4342778628452,6.6681120930068
0.216666666666667,14.1839981264757,10.5880638129292
0.233333333333333,15.8399087003663,13.010748714798
0.25,15.8286632769692,14.5084337348833
0.266666666666667,16.44274233056,15.8153631095451
0.283333333333333,16.4431605325915,16.3801633733113
0.3,17.1459088317754,16.9217089673723
0.316666666666666,17.5352917661098,17.3241306071363
0.333333333333333,17.6861472341132,17.4632291194702
0.35,17.8621563516042,17.8410444968631
0.366666666666666,18.0629923378682,17.8414626988947
0.383333333333334,17.813131869374,18.0058020403587
0.4,17.8011104686933,17.9817146987365
0.416666666666667,17.7890992902942,17.9698951478645
0.433333333333334,17.7770983215815,17.970313349896
0.45,17.7279416863216,17.9462860226516
0.466666666666667,17.7407383458896,17.7466051589707
0.483333333333333,17.5292642656728,17.9471224267147
0.5,17.7415747499528,17.9231349866587
0.516666666666667,17.7296144944478,17.7236173714199
0.533333333333333,17.7424111540159,17.9117834968786
0.55,17.7428293560475,17.5245179582127
0.566666666666666,17.743247558079,17.7248719775146
0.583333333333333,17.8933625094257,17.9252259968166
0.6,18.2929720429643,17.9500498409357
0.616666666666667,18.1188687817997,18.3130021979999
0.633333333333333,18.5442498008959,18.3257912909521
0.65,18.3194647352932,18.5264720739421
0.666666666666667,18.345162502508,18.5144375940387
0.683333333333334,18.3203011393563,18.5024132818028
0.7,18.2954812551537,18.5028314838343
0.716666666666667,18.0963037914318,18.2784592932923
0.733333333333333,18.0842003141041,18.2788774953239
0.75,18.0721071012003,18.2792956973554
0.766666666666667,18.0725253032319,18.26738333789
0.783333333333333,18.0729435052634,18.255481029966
0.8,17.861510200358,17.9184747293836
0.816666666666666,17.8619284023895,17.9067149728145
0.833333333333333,17.5257599717733,17.8949651393446
0.85,17.3023665871575,17.8832252168501
0.866666666666667,17.1412196434058,17.2967272130938
0.883333333333333,16.9544827595986,17.2971454151253
0.9,16.7556322578462,17.2975636171569
0.916666666666667,16.7560504598778,16.9838949054136
0.933333333333334,16.7564686619093,16.9489399952036
0.95,16.9561555677249,16.9493581972351
0.966666666666667,17.1558424735404,17.1494678427047
0.983333333333333,16.0719573284191,16.9619760269762
1.0,14.0181967930058,16.5628485590481
1.01666666666667,11.8365989265288,14.7153680375166
1.03333333333333,10.9303682884172,13.4172628121795
1.05,10.1835288512589,11.759889880037
1.06666666666667,9.83522682166846,11.0114651691762
1.08333333333333,9.48692479207805,10.0723224323626
1.1,9.28807429032564,9.9139986343304
1.11666666666667,9.28849249235721,9.51503394948601
1.13333333333333,8.9401904627668,9.29844548203128
1.15,8.73267281012765,9.15781018259202
1.16666666666667,8.50818927211124,8.75057752341586
1.18333333333333,8.50004995018607,8.72574498488143
1.2,8.29313735579329,8.726163186913
1.21666666666667,8.29355555782485,8.56877479621308
1.23333333333333,8.27705591890155,8.36173373851483
1.25,8.12012284866931,8.15486117792039
1.26666666666667,8.10378599851845,8.14711880234514
1.28333333333333,7.89754270299396,8.15569758198352
1.3,7.89796090502553,8.1316539109089
1.31666666666667,7.69188598143709,7.92521148612571
1.33333333333333,7.70050309540306,7.77658976854345
1.35,7.55220063717041,7.76901477302555
1.36666666666667,7.54448051036069,7.57079361823414
1.38333333333333,7.33863428678201,7.5712118202657
1.4,7.88391748134018,7.37299066547429
1.41666666666667,10.6180433779914,7.76270085984715
1.43333333333333,12.7885388181427,9.20267098595404
1.45,14.8087286261469,11.9732247217841
1.46666666666667,16.7896676140412,14.5538631704236
1.48333333333333,17.5205933336047,16.0089134442013
1.5,18.0654331558,17.1349198210946
1.51666666666667,18.412301479754,17.8675611682679
1.53333333333333,18.177399566458,18.2281394798437
1.55,18.721575681403,18.5753333215206
1.56666666666667,18.7219938834345,18.7614964935374
1.58333333333333,18.6844923303256,18.761914695569
1.6,18.8823999221574,18.8859759887962
1.61666666666667,18.8701185951087,18.8863941908278
1.63333333333333,18.8705367971403,18.8743699881064
1.65,18.8582657705377,18.8747881901379
1.66666666666667,18.8840727302837,19.0730439648515
1.68333333333333,19.2172576197647,19.0609499799708
1.7,19.2176758217963,19.2717179415967
1.71666666666667,19.2437839400889,19.284738322439
1.73333333333333,19.2185122258594,19.2725543456598
1.75,19.218930427891,19.2729725476914
1.76666666666667,19.0712916799812,19.2859929285337
1.78333333333333,18.8997099865781,19.2864111305653
1.8,18.7025586105314,19.2994416930663
1.81666666666667,18.7156167267736,19.1144050220939
1.83333333333333,18.7286851159396,18.9167457966495
1.85,18.3830755552081,18.768605928074
1.86666666666667,18.4085435421582,18.5832791601204
1.88333333333333,18.1737524982697,18.5590424109134
1.9,18.1866000111524,18.3859580558147
1.91666666666667,18.2119071648125,18.3741238812483
1.93333333333333,18.0639071292638,18.3867944598779
1.95,18.0271879327696,18.3872126619094
1.96666666666667,18.039975206666,18.226820416736
1.98333333333333,18.2135799729388,18.239430934696
2.0,18.9178667806227,18.3762148914061
2.01666666666667,19.2513115766571,18.9213460189967
2.03333333333333,19.462240221316,19.0947667013279
2.05,19.2264580644592,19.3057147235398
2.06666666666667,18.9068194211148,19.3061329255714
2.08333333333333,18.6970383912726,19.2939387671335
2.1,18.549339550954,19.1089719183516
2.11666666666667,18.0066619310349,18.7505021569916
2.13333333333333,17.7973318918512,18.3550854396013
2.15,17.7977500938828,18.0212407623907
2.16666666666667,17.4527020793847,17.9974833760474
2.18333333333333,17.2677495274103,17.61414957178
2.2,17.2681677294418,17.2682122193174
2.21666666666667,17.4539566854794,17.268630421349
2.23333333333333,17.7998411040406,17.6034810388096
2.25,17.9976685726606,17.6038992408412
2.26666666666667,17.9857578080697,18.0120755013597
2.28333333333333,17.9615480522047,18.1860953775763
2.3,17.9989231787553,18.198666564982
2.31666666666667,17.9870124141644,18.1869317816394
2.33333333333333,17.7901014078324,18.187349983671
2.35,17.7660515737719,17.9900104355846
2.36666666666667,17.5693004892445,17.8046642277442
2.38333333333333,17.2126729132557,17.5953313394117
2.4,17.2130911152873,17.4474312288548
2.41666666666667,17.2135093173188,17.4123458010812
2.43333333333333,17.5467045513006,17.2269907061179
2.45,18.285908842417,17.5613212064712
2.46666666666667,18.6310938860214,18.1542954138101
2.48333333333333,18.8158837979089,18.5003712856044
2.5,19.3707163791694,19.0314939363349
2.51666666666667,19.3582773975014,19.2168098943474
2.53333333333333,19.1489985995125,19.4019770093503
2.55,19.1366600167545,19.4023952113819
2.56666666666667,18.7927296446285,19.1930120817305
2.58333333333333,18.5963772328558,18.9589641083317
2.6,18.4492174745342,18.7624192574149
2.61666666666667,18.4371675992716,18.6151151697352
2.63333333333333,18.4375858013032,18.6155333717668
2.65,18.2165658812847,18.628224812396
2.66666666666667,18.241731132725,18.4194067228816
2.68333333333333,18.0085909133041,18.2107567306432
2.7,18.0090091153357,18.1990795125358
2.71666666666667,17.9848986612799,18.1994977145674
2.73333333333333,17.9853168633115,18.1878302059374
2.75,17.985735065343,18.188248407969
2.76666666666667,17.9861532673746,18.3853924977716
2.78333333333333,17.974321978313,18.1770087991614
2.8,17.9747401803445,18.177427001193
2.81666666666667,18.1590548466317,18.1416752347722
2.83333333333333,18.5151683096868,18.3506297192872
2.85,18.5155865117184,18.5475372143716
2.86666666666667,18.6996836727177,18.6708051703214
2.88333333333333,18.7001018747493,19.0638871306464
2.9,19.0184395937166,18.8926480833087
2.91666666666667,19.0188577957482,19.0647235347095
2.93333333333333,18.8722924336779,19.0775527831522
2.95,18.8979107628724,19.0779709851838
2.96666666666667,18.8983289649039,19.0908101844878
2.98333333333333,18.7151473007997,19.0788073892469
3.0,18.91178067566,19.0916465885509
3.01666666666667,18.9121988776916,19.0920647905825
3.03333333333333,18.9000017730302,19.1173548876511
3.05,18.716820108926,19.0929011946456
3.06666666666667,18.5334903100007,18.7003408105715
3.08333333333333,18.5214413401603,18.7253155745811
3.1,18.3746981625703,18.7257337766127
3.11666666666667,18.5347449160954,18.5786667589575
3.13333333333333,18.4003601904997,18.579084960989
3.15,18.1920662435762,18.3950111444977
3.16666666666667,18.2048230445483,18.4075940487637
3.18333333333333,18.2052412465799,18.4080122507953
3.2,18.1933208496709,18.4084304528269
3.21666666666667,18.206077650643,18.2241391956533
3.23333333333333,18.4028694026891,18.212461977546
3.25,18.5505677672316,18.6064899382656
3.26666666666667,18.5634732793472,18.7668246212864
3.28333333333333,18.4041240087838,18.6073263423287
3.3,18.2205172229951,18.6199980745664
3.31666666666667,18.0244825905037,18.4113578670478
3.33333333333333,17.8653513523386,18.2270666098743
3.35,17.4730224543411,18.0065777933344
3.36666666666667,17.3261604938618,17.686472194399
3.38333333333333,17.4859101036917,17.47820749829
3.4,17.4742770604358,17.4786257003216
3.41666666666667,17.3394068818626,17.4790439023532
3.43333333333333,17.1433722493712,17.4912610681477
3.45,16.6035451564645,17.3440163193961
3.46666666666667,16.0637180635578,16.7422802109078
3.48333333333333,15.7316906486121,16.2240642767597
3.5,15.7207620072057,15.8909618241463
3.51666666666667,15.5247273747143,15.8579128599545
3.53333333333333,15.5251455767458,15.6836704872465
3.55,15.5368312736598,15.684088689278
3.56666666666667,15.5372494756914,15.6845068913096
3.58333333333333,15.3635389230017,15.6960105991713
3.6,15.3639571250332,15.6964288012029
3.61666666666667,15.3755906310423,15.4998047681016
3.63333333333333,16.1138986348399,15.5222621870581
3.65,17.011665723046,15.9282736320318
3.66666666666667,17.5655318618082,16.6684924495775
3.68333333333333,17.7750793274241,17.3969243043305
3.7,18.1079254614006,17.7782503134161
3.71666666666667,18.1330314784785,18.1856605661777
3.73333333333333,18.3305391033317,18.3220442505988
3.75,18.3433960824609,18.3346359715676
3.76666666666667,18.1713928971834,18.3350541735992
3.78333333333333,18.184200109506,18.3720518730058
3.8,18.1722293012465,18.3724700750374
3.81666666666667,18.1850365135692,18.3851011293661
3.83333333333333,18.0497367402863,18.3855193313977
3.85,18.0625039371401,18.2618947808934
3.86666666666667,17.877631334898,18.2623129829249
3.88333333333333,17.6926081399955,18.2627311849565
3.9,17.693026342027,17.8671545644224
3.91666666666667,17.7178912041396,17.6934698452513
3.93333333333333,17.582069032245,17.6938880472829
3.95,17.5946750114432,17.7062679907011
3.96666666666667,17.5829054363082,17.7306387268776
3.98333333333333,17.4095763937404,17.5941888848146
4.0,16.3436401623565,17.3961286063379
4.01666666666667,13.2704980522611,16.6638108073029
4.03333333333333,9.25545842715901,14.2921243968546
4.05,6.33865646046586,10.9653333721013
4.06666666666667,4.35532409241711,7.25677310095965
4.08333333333333,3.08519191755511,5.41828673214871
4.1,1.78881903042894,3.99027291911394
4.11666666666667,2.34721284709066,2.85263927281874
4.13333333333333,1.99990764064068,2.30569007485176
4.15,1.26632961670514,1.9690281553413
4.16666666666667,0.918740185636709,1.4216340276512
4.18333333333333,0.720296883039709,1.22817316665622
4.2,0.57156895659985,1.02406146464403
4.21666666666667,0.388749304850908,0.68097450477869
4.23333333333333,0.588273131055546,0.681392706810259
4.25,0.389585708914043,0.686917744242484
4.26666666666667,0.39000391094561,0.70268140985908
4.28333333333333,0.390422112977177,0.298922574406853
4.3,0.196869595679856,0.304297577541583
4.31666666666667,0.197287797711422,0.509368063118741
4.33333333333333,0.20284511038642,0.305133981604716
4.35,0.213554171788354,0.305552183636285
4.36666666666667,0.413404424578037,0.315896109826248
4.38333333333333,0.219542334942524,0.161580845228545
4.4,0.214808777883054,0.321701446830127
4.41666666666667,0.220378739005658,0.177140772694469
4.43333333333333,0.0762561773405942,0.177558974726035
4.45,0.22637112868729,0.177977176757602
4.46666666666667,0.237114002360109,0.193154982379533
4.48333333333333,0.242700900846742,0.188649299454686
4.5,0.248292046725491,0.193991386442666
4.51666666666667,0.25906889958685,0.194409588474233
4.53333333333333,0.25430564726554,0.204687636327469
4.55,0.259905303649983,0.205105838359036
4.56666666666667,0.110257411571501,0.21046001113202
4.58333333333333,0.110675613603068,0.215818222389625
4.6,0.281928411142894,0.216236424421192
4.61666666666667,0.12176420074982,0.231498934662316
4.63333333333333,0.137592361394772,0.231917136693882
4.65,0.138010563426339,0.237291551554333
4.66666666666667,0.148723254835921,0.242670029772307
4.68333333333333,0.143992090321879,0.243088231803873
4.7,0.149559658899057,0.243506433835442
4.71666666666667,0.155131476441947,0.253857398316874
4.73333333333333,0.160707548211719,0.259248096634678
4.75,0.171454273488558,0.259666298666245
4.76666666666667,0.171872475520125,0.260084500697812
4.78333333333333,0.177461341624635,0.275444712142914
4.8,0.183054483087827,0.275862914174483
4.81666666666667,0.188651905214505,0.281269976329723
4.83333333333333,0.199441410689926,0.0851007551922997
4.85,0.199859612721493,0.0855189572238665
4.86666666666667,-0.0062399549941112,0.0908512926456126
4.88333333333333,0.205888110786948,0.30794874021435
4.9,0.206306312818515,0.111384734705344
4.91666666666667,0.217121614115726,0.313798702030358
4.93333333333333,0.0261231280428738,0.122094030595747
4.95,0.233586025596305,0.122512232627314
4.96666666666667,0.239222213865431,0.330118806437488
4.98333333333333,0.234422429659438,0.128291193411087
5.0,0.245280938363592,0.133656032761449
5.01666666666667,0.0539063034651534,0.143979771455538
5.03333333333333,0.0594757588784304,0.144397973487107
5.05,0.267468276355795,0.154738095348866
5.06666666666667,0.0757916598239035,0.160123413690279
5.08333333333333,0.0813782909286033,0.165512843088682
5.1,0.279215394473803,0.170906388649992
5.11666666666667,0.290143597351755,0.181287646695742
5.13333333333333,0.103349740680625,-0.0164744133771805
5.15,0.0985822519015073,0.187111773497515
5.16666666666667,0.0990004539330741,0.192521834939058
5.18333333333333,0.104604346775328,-0.0054005181303942
5.2,0.11021256856404,-6.65585795012191e-05
5.21666666666667,0.121023818649871,0.20877689081831
5.23333333333333,-0.0258669243707317,0.209195092849877
5.25,0.121860222713005,0.214621752546184
5.26666666666667,0.127481463914667,0.215039954577752
5.28333333333333,0.138318801822991,0.021728353203514
5.3,0.143953111488845,0.0270827740256102
5.31666666666667,0.144371313520412,0.231344929433987
5.33333333333333,0.150009990283875,0.231763131465554
5.35,0.150428192315442,0.0332777064931442
5.36666666666667,0.150846394347008,0.0435889045426492
5.38333333333333,0.16171866909124,0.0440071065742181
5.4,0.0092415017051685,0.0493779885349532
5.41666666666667,0.162555073154373,0.059713940039714
5.43333333333333,0.168206884167741,0.0601321420712807
5.45,0.0312002376621713,0.0704846475288654
5.46666666666667,0.184770471878264,0.0659336260140314
5.48333333333333,0.0424147952976533,0.0762944239945618
5.5,0.196113684310101,0.0767126260261307
5.51666666666667,0.04844681749153,0.0870900402322341
5.53333333333333,0.0488650195230967,0.0875082422638009
5.55,0.0596875680151008,0.0879264442953676
5.56666666666667,0.0601057700466676,0.0983205164158321
5.58333333333333,0.219271357560425,0.103732913275627
5.6,0.0765815521053426,0.109149490310585
5.61666666666667,0.0769997541369115,0.109567692342154
5.63333333333333,0.0826398665287392,0.10998589437372
5.65,0.0935150991561763,0.115406656834291
5.66666666666667,0.0887025823881963,0.12584255704651
5.68333333333333,0.0943515032193098,0.136295262186845
5.7,0.100004836630197,0.136713464218412
5.71666666666667,0.100423038661764,0.142155232872328
5.73333333333333,0.106080790238394,0.14760121863994
5.75,0.116991368248345,0.142991636935464
5.76666666666667,0.122662407932416,0.148437622703074
5.78333333333333,0.117827772311479,0.158924064806379
5.8,0.134017814746254,0.164382733825277
5.81666666666667,0.134436016777821,0.164800935856844
5.83333333333333,0.140120395183781,0.180365990754267
5.85,0.14580923112247,0.175730994493839
5.86666666666667,0.151502530255871,0.186259847598126
5.88333333333333,0.162484338771176,0.186678049629693
5.9,0.168191061556667,0.192157964305992
5.91666666666667,0.163320742834309,0.192576166337559
5.93333333333333,0.169027465619801,0.203130594797143
5.95,0.174738674344081,0.0435987691619978
5.96666666666667,0.17515687637565,0.203966998860278
5.98333333333333,0.186174572459344,0.0544493269429765
6.0,0.186592774490911,0.064898588021186
6.01666666666667,-0.0038624216985006,0.0703386724575026
6.03333333333333,0.203362207242608,0.0707568744890693
6.05,0.203780409274175,0.0812315739384133
6.06666666666667,0.209518653884548,0.242087983728458
6.08333333333333,0.215261424609129,0.0820679780015489
6.1,0.0191837509781259,0.0824861800331156
6.11666666666667,0.232098749270367,0.103068458240463
6.13333333333333,0.0200201550412594,0.259087582909432
6.15,0.0256883044095801,0.264623369118081
6.16666666666667,0.031360927870238,0.114430729654598
6.18333333333333,0.0317791299018047,0.270581693436429
6.2,0.0427196199654603,0.115267133717734
6.21666666666667,0.0484057000728889,-0.0869860926044637
6.23333333333333,0.251068027733373,-0.0766107277055866
6.25,0.0492421041360224,0.131715394125985
6.26666666666667,0.262621832098782,-0.0757743236424531
6.28333333333333,0.0606277612261728,0.142702402329434
6.3,0.0663273497406408,-0.0599704573869154
6.31666666666667,0.0720314526056278,-0.0545546216234776
6.33333333333333,0.0830350225276739,-0.0541364195919108
6.35,0.0834532245592406,-0.0537182175603441
6.36666666666667,0.0944749214988313,0.170245497432229
6.38333333333333,0.100201683173062,-0.0278298036059191
6.4,0.100619885204629,-0.0274116015743523
6.41666666666667,0.106351196121694,0.186823397832342
6.43333333333333,0.117409287064032,0.192358071791292
6.45,0.117827489095598,-0.0110745205826099
6.46666666666667,0.128903847343582,-0.0106563185510431
6.48333333333333,0.139998519981512,-0.0001616800313321
6.5,-0.0686107348930392,0.0154034665622113
6.51666666666667,-0.214582847187978,0.0158216685937781
6.53333333333333,0.151947958318779,0.0212974848508225
6.55,-0.0515767136050471,0.0318438976292676
6.56666666666667,-0.192514035406226,0.0271958287208669
6.58333333333333,-0.0349201175257221,0.0377509093265594
6.6,-0.0239323889036534,0.0534070101800516
6.61666666666667,0.186234109928046,0.0538252122116184
6.63333333333333,0.192034367184228,0.0542434142431851
6.65,-0.0067892773134573,-0.145384461434115
6.66666666666667,0.203648819902784,0.0601678285193579
6.68333333333333,0.0046623431316525,0.0758762715327855
6.7,0.0103950349683522,0.0711933525565293
6.71666666666667,0.226515444874963,0.0818181781315928
6.73333333333333,0.0165505245138334,-0.118217725243399
6.75,-0.135563180524866,0.0928787544497098
6.76666666666667,0.028038910438466,0.0932969564812765
6.78333333333333,0.0337900208076014,-0.106902623084201
6.8,0.0342082228391682,0.114634532534408
6.81666666666667,0.050652891478898,0.120189066474427
6.83333333333333,-0.101843835492444,-0.0905247702864926
6.85,-0.106088618039654,-0.0846656545670171
6.86666666666667,0.252217520252746,0.115076551618806
6.88333333333333,0.0543950329186259,-0.0830438002260266
6.9,0.258768057116946,0.115963852003019
6.91666666666667,-0.107224862140989,-0.0915565339961105
6.93333333333333,-0.106185020339115,-0.0907506565642137
6.95,0.064229823261023,-0.0848677442620712
6.96666666666667,0.258157377753172,0.114443866110696
6.98333333333333,-0.0966885053031021,-0.0875166025984889
7.0,0.0975273955653925,0.117112750061258
7.01666666666667,0.314700366125613,0.122206319304843
7.03333333333333,0.107737327852758,-0.0850799405689202
7.05,-0.0935318394260399,-0.0850799405689202
7.06666666666667,0.325027172386409,0.115580184375542
7.08333333333333,0.126334879616833,-0.0834501762541166
7.1,0.117741989528515,-0.0766960150451219
7.11666666666667,0.105414025363675,0.128504133787011
7.13333333333333,0.107679610570884,0.120051271556576
7.15,0.113045861793117,0.120051271556576
7.16666666666667,0.124941395564813,0.126082362180839
7.18333333333333,0.109950678483357,0.126985576926391
7.2,0.117612308093342,0.133946804886329
7.21666666666667,0.113367599779119,0.119403851689876
7.23333333333333,0.119903837437707,0.130609901327352
7.25,0.129286334242168,-0.073581298845658
7.26666666666667,-0.0786445007560999,-0.0684164595491609
7.28333333333333,0.123351565406998,-0.0371365419923158
7.3,-0.0754205062107204,-0.0814328562735518
7.31666666666667,0.121388890582839,0.136080996280296
7.33333333333333,0.122540362651797,0.136996907980145
7.35,0.129125755397654,0.132722033949972
7.36666666666667,0.334791856482543,0.182947643213132
7.38333333333333,0.126003189465995,-0.0261520563847483
7.4,-0.0689362157162286,-0.221714435341276
7.41666666666667,-0.0711370961074344,-0.224539503912451
7.43333333333333,0.1403964644491,-0.0184672412390078
7.45,0.130640003057127,-0.0176136574563564
7.46666666666667,0.137268858158617,0.149594775288953
7.48333333333333,-0.0733498311852806,-0.222219864784007
7.5,-0.0722658706994473,-0.221444539749668
7.51666666666667,-0.0656999412421975,-0.0593307098179771
7.53333333333333,0.143128069386215,-0.0176445292475428
7.55,-0.0679164168552703,-0.213147608077211
7.56666666666667,-0.0514163358182074,-0.213147608077211
7.58333333333333,0.146660821502947,-0.0098808669588329
7.6,0.1576852462091,0.20570883005985
7.61666666666667,0.153355944463456,-0.0038172930060184
7.63333333333333,0.347565502751265,0.19039226528179
7.65,0.156920728542129,0.198953689467002
7.66666666666667,0.36967307546461,0.206015939732922
7.68333333333333,-0.0480782798366427,-0.212057502160845
7.7,0.154954568454664,-0.0090246538695382
7.71666666666667,0.316097625179789,0.157022290222886
7.73333333333333,0.307511121497069,0.158902224711096
7.75,-0.0447391434969838,-0.193966055712004
7.76666666666667,0.170858578542145,0.0049401381935268
7.78333333333333,0.166491252525882,0.0058222451910637
7.8,-0.0589133694948686,0.0023312239116734
7.81666666666667,0.330515620066857,0.15836451101292
7.83333333333333,0.109250755083457,0.164571094939697
7.85,-0.0523608959603628,0.160252110672636
7.86666666666667,-0.0501189209312244,0.0049775681278255
7.88333333333333,-0.0642471957073887,0.164041926188181
7.9,0.109618372866323,0.164041926188181
7.91666666666667,0.333841404897107,0.164992437233927
7.93333333333333,0.106453920546266,0.171240353527136
7.95,0.325158456357013,0.161600964341029
7.96666666666667,0.336400904447045,0.166897142546569
7.98333333333333,-0.0435079741088323,-0.0396164970451373
8.0,0.156832865122721,0.160724342186416
8.01666666666667,0.117876089494687,0.170721344883204
8.03333333333333,0.119061637680577,0.17168048938177
8.05,0.120248661873924,-0.0509616573124646
8.06666666666667,-0.0368092422192568,-0.0448700913477161
8.08333333333333,0.128193275665167,-0.0387633674304553
8.1,0.128193275665167,-0.0387633674304553
8.11666666666667,0.115058744195498,-0.0414013109458899
8.13333333333333,0.127401942648785,0.173076289498725
8.15,0.127401942648785,-0.0405312025384703
8.16666666666667,0.353190437112337,-0.0291257561631653
8.18333333333333,0.136599990903009,-0.0326396969133654
8.2,-0.0277978936250129,-0.0379138528008951
8.21666666666667,0.179155970087923,0.168781930969932
8.23333333333333,0.344917618058211,0.180311048101373
8.25,-0.0232577092389796,-0.0396959295701599
8.26666666666667,0.148281649448774,-0.03882115053894
8.28333333333333,0.143864522564956,-0.0326473583605967
8.3,0.365706407016464,0.18321848672018
8.31666666666667,0.15072245665708,-0.026458114177008
8.33333333333333,0.192039043997902,0.195801652309989
8.35,0.349639905077477,0.177441375915902
8.36666666666667,0.20132007255177,0.193420756684471
8.38333333333333,0.202559388492103,0.18906752179581
8.4,0.142295925147268,-0.0255587632310707
8.41666666666667,0.199439964859546,0.191027385147145
8.43333333333333,0.200678845168024,0.197359725788566
8.45,0.198786810818164,0.184247032582363
8.46666666666667,0.193173935661928,0.194962495165022
8.48333333333333,0.194408819847654,0.190584504194513
8.5,0.206896518702248,0.191567945692474
8.51666666666667,0.372789050939314,-0.0191211826888519
8.53333333333333,0.369724039201753,0.198918234871851
8.55,-0.0171360471931223,-0.0219738731634777
8.56666666666667,-0.0058540404309191,-0.243507601378219
8.58333333333333,0.220073447408232,0.192101547858406
8.6,0.214409274057528,0.192101547858406
8.61666666666667,0.003303834250714,-0.0138748654879336
8.63333333333333,0.216926114386887,0.199482006848118
8.65,0.0113305201000387,-0.173322881065362
8.66666666666667,0.215028360749504,0.0303749595841033
8.68333333333333,0.216288720224123,0.208898783171251
8.7,0.0091826654969814,-0.0038973581253891
8.71666666666667,0.0172505573565878,-0.007497554621333
8.73333333333333,0.225785046672533,0.0340564405581397
8.75,0.231495992067553,0.0447862729562203
8.76666666666667,0.238494588557432,0.0457195106737672
8.78333333333333,0.225155802372446,0.199589078099224
8.8,0.225155802372446,0.0485267993934784
8.81666666666667,0.221971741821123,0.0396160739659933
8.83333333333333,0.239183290912877,0.0450079091077661
8.85,0.239183290912877,0.0612129390609056
8.86666666666667,0.403651018460209,0.0468810066918905
8.88333333333333,0.237290545253271,0.0586474839417463
8.9,0.243048844425501,0.0478194594424529
8.91666666666667,0.234101544593585,0.0551216180105371
8.93333333333333,0.239865141624921,0.0551216180105371
8.95,0.248225800417726,0.0515860160556819
8.96666666666667,0.254010662167556,0.067894997165093
8.98333333333333,0.250824136754606,0.0534769734178489
9.0,0.250824136754606,0.0698158386016964
9.01666666666667,0.237331357643103,0.0563230594901931
9.03333333333333,0.248927783524616,0.0617793343553132
9.05,0.250229030881874,0.0682019080175458
9.06666666666667,0.251531932809772,0.0691645109964895
9.08333333333333,0.258658851393792,0.0591807805832389
9.1,0.25997045756061,0.0710936528818543
9.11666666666667,0.25997045756061,0.0656122855755662
9.13333333333333,0.26128373435482,0.0775516492356743
9.15,0.258071361089117,0.0685007346932252
9.16666666666667,0.260698814737198,0.0704329432838371
9.18333333333333,0.260698814737198,0.0649313771867725
9.2,0.256160265592097,0.0658943941387363
9.21666666666667,0.269198640336227,0.0613520938569991
9.23333333333333,0.0388433403876824,0.0623126710260486
9.25,0.276400255424201,0.073341166962058
9.26666666666667,0.26729685726721,0.0752866175253978
9.28333333333333,0.262739505837612,0.0762613403646931
9.3,0.0391538001051067,0.0671353093867424
9.31666666666667,0.0391538001051067,0.0726724930152827
9.33333333333333,0.256608547891994,0.295429224662494
9.35,0.263717374651076,0.0698429837783799
9.36666666666667,0.0531959444146359,0.0801736044921405
9.38333333333333,0.265034757748366,0.0653564437806999
9.4,0.267674584793798,0.294148691507398
9.41666666666667,0.0523123108793953,-0.137495561770526
9.43333333333333,0.274688696377548,-0.142087053017013
9.45,0.0489511180087391,-0.152155424572549
9.46666666666667,0.504769449431183,0.297363752507734
9.48333333333333,0.284650672276069,0.076880297144929
9.5,0.290604400700458,-0.128442850205333
9.51666666666667,0.293311163496407,-0.137660261787374
9.53333333333333,0.282731822754886,-0.136771101186517
9.55,0.511983663790875,0.0750417768990602
9.56666666666667,0.0622308351874757,0.0920400883442959
9.58333333333333,0.508900433326018,0.0825087300595314
9.6,0.276440393262334,0.3116253491591
9.61666666666667,0.51778783324112,0.0844774705035405
9.63333333333333,0.124169303191575,0.0844774705035405
9.65,0.520700920008136,0.091991248624322
9.66666666666667,0.0650932912153444,-0.135156570532606
9.68333333333333,0.311599398460381,-0.135156570532606
9.7,0.12344092064553,0.0884312673625459
9.71666666666667,0.291740408543566,0.0904163631195288
9.73333333333333,0.302297010219408,-0.122248775800583
9.75,0.30358424149909,0.0959766874738889
9.76666666666667,0.304948804475459,0.0914109689794472
9.78333333333333,0.30310602675027,0.329398500219359
9.8,-0.0874760397189611,-0.118606971938118
9.81666666666667,0.126534102534944,0.0954031703157874
9.83333333333333,0.133686698184179,0.101996298779766
9.85,0.129097972115127,0.0974075727107142
9.86666666666667,0.140857616140839,0.103004435694455
9.88333333333333,0.320525529092253,0.098411858126471
9.9,0.311328800046889,0.100424610010545
9.91666666666667,0.134246024178793,0.107050985675499
9.93333333333333,0.302116606686421,0.096825049385918
9.95,0.0947576660700115,-0.116883349187756
9.96666666666667,0.0960456972062751,-0.10470208018823
9.98333333333333,0.310848449352236,-0.120392472350224
10.0,-0.0754698614765211,-0.109410184683385
10.0166666666667,0.110651063668288,-0.333548948992357
10.0333333333333,0.146646706856047,0.112140869730769
10.05,0.105935027484395,-0.33826498517625
10.0666666666667,0.149259322409414,0.119847094405247
10.0833333333333,0.144624056378397,0.109551484410142
10.1,0.145929050542957,0.116238334825027
10.1166666666667,0.48565288234465,0.282385708792576
10.1333333333333,0.165119176048683,0.111595243336063
10.15,0.160472164397316,0.123977388161009
10.1666666666667,0.505261260128176,0.289166529728104
10.1833333333333,0.161793706011868,-0.112146372195856
10.2,0.503633519624228,0.0550993348284429
10.2166666666667,0.153795459347513,-0.109373717828444
10.2333333333333,0.339644532235663,-0.103780129502632
10.25,0.167097461371762,-0.108446816635995
10.2666666666667,0.495915819527354,0.0580900419030861
10.2833333333333,0.0960907181193463,0.0524911577890592
10.3,0.324823577216668,-0.125138328365557
10.3166666666667,0.498865078456889,0.298056364169012
10.3333333333333,0.161724829078126,-0.0981665987609482
10.35,0.173766967408191,0.134404571069518
10.3666666666667,0.349563714600684,0.123978328307468
10.3833333333333,0.338756206886468,-0.276431871441184
10.4,0.17644723731671,0.130760890083116
10.4166666666667,0.331814030325646,0.303661974962024
10.4333333333333,-0.110409461614967,-0.150708326110158
10.45,0.513883332854587,0.299030091969928
10.4666666666667,0.352781532959818,0.305914969934224
10.4833333333333,0.518373572977915,0.0691648822906359
10.5,0.344914848728754,0.0645172266737823
10.5166666666667,0.129046468017562,-0.32676805881142
10.5333333333333,0.346333490624077,0.298874874673012
10.55,0.131708299294065,-0.149912303547451
10.5666666666667,-0.101906830992313,-0.319493063511995
10.5833333333333,0.126954151369416,-0.32984292522496
10.6,0.133505101834695,-0.102024989214421
10.6166666666667,0.542921284106779,0.0903052368567856
10.6333333333333,0.13571452807112,-0.322560217216061
10.65,0.141819863998023,-0.141437441062266
10.6666666666667,0.120819984844076,-0.0982665873983585
10.6833333333333,0.13282288855785,-0.0870162477593468
10.7,-0.100557378411708,-0.138629396789066
10.7166666666667,0.141081469605167,-0.143407931944049
10.7333333333333,0.124782688874265,-0.0954333302421517
10.75,0.126107159374092,-0.100124778355625
10.7666666666667,-0.0787922533356941,-0.130075106588203
10.7833333333333,0.13212887975918,0.0929069061961009
10.8,0.374349771633128,-0.0822332706626071
10.8166666666667,0.377257916672233,0.0845477284311613
10.8333333333333,0.131422973643168,0.0855849642163442
10.85,-0.0858958744805747,-0.308381641082126
10.8666666666667,0.555111904273997,0.0913352382009606
10.8833333333333,-0.0785955358732849,-0.313188865917417
10.9,-0.0834068803170261,-0.312329060494925
10.9166666666667,-0.0834068803170261,-0.306652464059322
10.9333333333333,0.146210962536459,-0.0660346427183747
10.95,0.154990593271313,-0.0754779689665305
10.9666666666667,-0.07483662605663,-0.299224985672975
10.9833333333333,0.145531054094131,0.0918395456447293
11.0,-0.0723219368162269,-0.120526949017336
11.0166666666667,-0.0723219368162269,-0.114732292243259
11.0333333333333,0.14823335912748,0.093936345655348
11.05,0.384227899315125,-0.0830108933375932
11.0666666666667,0.149587267040809,-0.0763305145980254
11.0833333333333,0.144839182060009,-0.0696321760796437
11.1,-0.0672714431778346,-0.11666780502372
11.1166666666667,0.152300610439029,0.108721289702088
11.1333333333333,-0.0818299488055089,-0.302783408597938
11.15,0.15502134639344,-0.0666898617543154
11.1666666666667,0.16251806316772,-0.0714543171296249
11.1833333333333,-0.0573314262393779,-0.285555684810506
11.2,0.157749501965264,-0.0704747566058643
11.2166666666667,0.16388904293758,-0.0704747566058643
11.2333333333333,-0.059642522488398,-0.294398164984824
11.25,0.160485104340085,-0.0742705381563411
11.2666666666667,0.174176738300174,-0.0675273837206291
11.2833333333333,0.161855706608294,-0.0617569821137387
11.3,0.161855706608294,-0.0559809902966485
11.3166666666667,0.170772066856449,-0.0655551981624846
11.3333333333333,0.176947628742575,-0.0597736080077865
11.35,0.172154320753172,0.113580856669702
11.3666666666667,0.17353846575757,0.11465697819717
11.3833333333333,0.179726105083338,0.11465697819717
11.4,0.168736866018407,-0.050983459818098
11.4166666666667,0.176312442995521,-0.0557892135027195
11.4333333333333,0.181118196680142,-0.050983459818098
11.45,0.17770228220217,0.117894653709876
11.4666666666667,0.185305927199192,-0.0537881482408416
11.4833333333333,0.185305927199192,-0.0537881482408416
11.5,0.181883244180639,-0.0576078122298924
11.5166666666667,0.183280724675663,-0.0566077453792957
11.5333333333333,0.183280724675663,0.116319752521396
11.55,0.183280724675663,-0.0566077453792957
11.5666666666667,0.19715885810464,0.123321991616567
11.5833333333333,0.186081446593264,-0.0487594387616255
11.6,0.186081446593264,-0.0604411755990981
11.6166666666667,0.192323875278839,-0.0429100288420045
11.6333333333333,0.199987959286221,-0.041894093656429
11.65,0.201405429890134,0.138488060644659
11.6666666666667,0.185445179925636,-0.0505760438612121
11.6833333333333,0.201405429890134,-0.0291378143143255
11.7,-0.0400102449134337,-0.282292322299147
11.7166666666667,0.424734701495731,0.187924443924248
11.7333333333333,0.199390204767205,-0.0436932350344087
11.75,0.200809315832662,-0.0426754633647036
11.7666666666667,0.427768255177887,0.184283475980521
11.7833333333333,0.207094863145549,-0.0309021712191559
11.8,0.202230383702916,-0.0298713624430079
11.8166666666667,0.424518236097136,0.198317550883949
11.8333333333333,0.430809979665627,0.192416489951212
11.85,0.211382567958247,-0.0278051312829184
11.8666666666667,0.451265086754034,0.193543537533345
11.8833333333333,0.207934295826464,-0.0434706329534997
11.9,0.203048581799845,-0.0365368730234152
11.9166666666667,0.21568806495259,-0.0365368730234152
11.9333333333333,0.204475224614674,-0.0414268506493109
11.95,0.210798087326695,-0.0236541317386404
11.9666666666667,0.212232954759121,0.15187272792362
11.9833333333333,0.218568329805365,-0.0404026674177068
12.0,0.220011453366541,-0.0334469001319746
12.0166666666667,0.213669808220694,-0.0215693157914039
12.0333333333333,0.215108651402845,-0.0264721177551003
12.05,0.215108651402845,-0.0264721177551003
12.0666666666667,0.217992321737701,-0.0362905852806179
12.0833333333333,0.217992321737701,-0.0362905852806179
12.1,0.213076644920774,-0.0352587126564394
12.1166666666667,0.219437156316404,-0.0114099318162282
12.1333333333333,0.442866779852783,0.200083567390711
12.15,0.227257131174156,-0.0282660358518527
12.1666666666667,0.222332842926497,-0.0331903240995118
12.1833333333333,0.233636593134965,0.170779285180606
12.2,0.223783702436058,-0.0202059179429582
12.2166666666667,0.452333364373018,0.20236685971564
12.2333333333333,0.44750060290557,0.203510982526554
12.25,0.225236577748677,-0.0191560629846428
12.2666666666667,0.225236577748677,-0.0251388402698311
12.2833333333333,0.238027217854384,-0.0251388402698311
12.3,0.239494831378448,-0.0121100423820032
12.3166666666667,0.229607336158792,-0.0219975376016585
12.3333333333333,0.229607336158792,-0.0039782187654566
12.35,0.460119658058377,-0.0338826382380091
12.3666666666667,0.471387021993259,0.212953803900133
12.3833333333333,0.237485930435531,-0.0089284775145301
12.4,0.23895533397392,-0.0078647656040551
12.4166666666667,0.456824998454206,0.210410590504144
12.4333333333333,0.463249009127149,0.222453183002285
12.45,0.471253703556727,0.2296570854967
12.4666666666667,0.476116246574843,0.222453183002285
12.4833333333333,0.479279806416864,0.218754056698356
12.5,0.469533312939107,0.209007563220599
12.5166666666667,0.236932602334115,-0.0167304612384427
12.5333333333333,0.475989430434617,0.221085961825071
12.55,0.464653628128944,0.210164087220631
12.5666666666667,0.471109745624454,0.210164087220631
12.5833333333333,0.241352331161226,-0.0075029577761696
12.6,0.472688328942581,0.205280102799288
12.6166666666667,0.472688328942581,0.229484836907109
12.6333333333333,0.467800039224816,-0.0185907974709416
12.65,0.469376466170176,0.219703946479878
12.6666666666667,0.480744564140561,-0.012645315080335
12.6833333333333,0.250784615498282,0.0007028013923019
12.7,0.482333940008242,0.225770149325115
12.7166666666667,0.482333940008242,0.225770149325115
12.7333333333333,0.482333940008242,-0.0115865276822781
12.75,0.490420452642513,0.23302372348141
12.7666666666667,0.480613644866793,-0.0203329502363488
12.7833333333333,0.480613644866793,-0.0203329502363488
12.8,0.482205216017754,0.218307013875368
12.8166666666667,0.482205216017754,0.224391320575682
12.8333333333333,0.483798965901112,-0.018224709395755
12.85,0.300858304534034,0.237766351175397
12.8666666666667,0.490313485393535,0.237766351175397
12.8833333333333,0.302362483406048,-0.0111871479346561
12.9,0.0845557232941537,-0.229878803342739
12.9166666666667,0.498443561361898,0.24507099626079
12.9333333333333,0.315227362216149,0.238956335863826
12.95,0.310304424250153,-0.0041301023867397
12.9666666666667,0.488593328512363,-0.0090573972702799
12.9833333333333,0.485259807851254,0.237600703632404
13.0,0.504901742072031,0.231473838124378
13.0166666666667,0.495127491527323,-0.0030584450181855
13.0333333333333,0.498347846552404,0.237600703632404
13.05,0.499961341675671,0.238793285007726
13.0666666666667,0.499961341675671,0.238793285007726
13.0833333333333,0.322844556683693,0.0061892254770228
13.1,0.495016561154065,-0.0168063717759956
13.1166666666667,0.317899776162087,0.246132853491159
13.1333333333333,0.317899776162087,0.0012444449554166
13.15,0.271807239771611,-0.229063499557436
13.1666666666667,0.319425215541131,0.253492611271787
13.1833333333333,0.498241429524913,0.0034056907540865
13.2,0.504815147069586,0.242381514365726
13.2166666666667,0.511395491942979,0.0094467309429241
13.2333333333333,0.49985719116485,0.249744798004946
13.25,0.274844368036702,-0.233145433152191
13.2666666666667,0.322482495304262,0.0105358639285832
13.2833333333333,0.49650840786541,0.252161595465931
13.3,0.504717835710176,0.001688698419926
13.3166666666667,0.516289306830325,0.245985542253275
13.3333333333333,0.33205566188557,0.000606735755749
13.35,0.511318122813442,0.001688698419926
13.3666666666667,0.341670330435608,0.254585492282662
13.3833333333333,0.335143254255694,0.0088375964478217
13.4,0.526183424776374,0.0088375964478217
13.4166666666667,0.335143254255694,0.254585492282662
13.4333333333333,0.348204010223615,0.0088375964478217
13.45,0.514583072459767,0.249605460091394
13.4666666666667,0.33170583310455,0.0110219429867968
13.4833333333333,0.521203392585105,0.0220899807368959
13.5,0.516218927445316,0.0171055155971061
13.5166666666667,0.51785704150611,0.0182062969070564
13.5333333333333,0.51785704150611,0.0121166115872064
13.55,0.524490767692014,0.0182062969070564
13.5666666666667,0.339790902305381,0.0243021041540466
13.5833333333333,0.519497418879879,0.0132129480949217
13.6,0.339790902305381,0.0182062969070564
13.6166666666667,0.539438948136868,0.0193087553419119
13.6333333333333,0.517778261649895,-0.0017938266350448
13.65,0.526081646610807,0.0115008102962612
13.6666666666667,0.531092834165103,0.0226262263702978
13.6833333333333,0.537760254197885,0.0165119978505572
13.7,0.34601829004586,0.0226262263702978
13.7166666666667,0.34758061519994,0.0237354263192138
13.7333333333333,0.354160802131099,0.0237354263192138
13.75,0.349145139954792,0.0187197641429073
13.7666666666667,0.360747673454919,0.0298619821166852
13.7833333333333,0.360747673454919,0.0298619821166852
13.8,0.344124997160533,0.27306968623023
13.8166666666667,0.355732011278612,0.0248463199403787
13.8333333333333,0.350711868484353,-0.227160076010672
13.85,0.350711868484353,0.0259589105674181
13.8666666666667,0.542756180465919,0.0259589105674181
13.8833333333333,0.527668808255142,0.0108715383566405
13.9,0.0899122753077357,0.0058334129164791
13.9166666666667,0.355425318610167,0.0231555754831504
13.9333333333333,0.541064739776552,0.0231555754831504
13.95,0.109355700507865,0.278036433919884
13.9666666666667,0.35700090417747,-0.229242747693454
13.9833333333333,0.527130520693586,0.200555926607205
14.0,0.358578714539064,0.0315474360364568
14.0166666666667,0.533750967254235,0.206719688751627
14.0333333333333,0.535974027874196,0.0163924022255742
14.05,0.117308367297628,0.0377174321790733
14.0666666666667,0.525458696325629,0.197970221557105
14.0833333333333,0.36015875392905,0.0450290113088407
14.1,0.361741026591649,0.027618603251014
14.1166666666667,0.538733359970162,0.191800225414488
14.1333333333333,0.368381741664071,0.0337948428541587
14.15,0.363325536781248,0.0349211305165056
14.1666666666667,0.368381741664071,0.28808882959229
14.1833333333333,0.120231351278013,0.0399773353993289
14.2,0.562930125970465,-0.213190363676453
14.2166666666667,0.128223550424922,0.0535062209075633
14.2333333333333,0.373162363614939,-0.223316384746047
14.25,0.373162363614939,0.0433801998379693
14.2666666666667,0.368092535208816,0.0197252810407889
14.2833333333333,0.368092535208816,0.0259140360286942
14.3,0.554490511539835,0.0445179709449839
14.3166666666667,0.37636074161972,-0.203083580347039
14.3333333333333,0.121028395815637,0.0456574892785284
14.35,0.371281800252276,-0.214250251304777
14.3666666666667,0.364607096886957,0.0405785479110847
14.3833333333333,0.371281800252276,0.0405785479110847
14.4,0.129051285655042,0.0405785479110847
14.4166666666667,0.372879825518389,0.0354950408462145
14.4333333333333,0.130528752814613,0.0417152512340472
14.45,0.372879825518389,0.047941781474956
14.4666666666667,0.381175340119493,0.0428537025534155
14.4833333333333,0.581653191221623,-0.212240196001138
14.5,0.370985442013978,0.0264372742069916
14.5166666666667,0.381175340119493,0.0428537025534155
14.5333333333333,0.13200836760037,0.0490865622839244
14.55,0.134974056691258,-0.210223686672727
14.5666666666667,0.384396477505457,-0.19799243749108
14.5833333333333,0.134974056691258,0.0576333169672033
14.6,0.317680322432219,0.227499762284651
14.6166666666667,0.562208135433893,0.222477233807875
14.6333333333333,0.143054814472948,-0.196969305092456
14.65,0.394356409625693,-0.189807079020456
14.6666666666667,0.144549832776426,0.053683331693513
14.6833333333333,0.394356409625693,0.0599479841078399
14.7,0.389245378643309,0.0485723007111297
14.7166666666667,0.382515748750568,0.0485723007111297
14.7333333333333,0.139438801794042,-0.201055561352918
14.75,0.389245378643309,-0.188774400630513
14.7666666666667,0.555525065707202,0.214851987775022
14.7833333333333,0.555525065707202,0.221116640189349
14.8,0.390866281962445,-0.200033750031004
14.8166666666667,0.397609749423233,0.0559923532338125
14.8333333333333,0.142426155152034,0.0508720979225103
14.85,0.392489494111931,0.0508720979225103
14.8666666666667,0.150551737840064,-0.197985195842142
14.8833333333333,0.387364617268874,0.052024658712957
14.9,0.327146981541501,-0.021389952140705
14.9166666666667,0.567363506142827,0.231089904536476
14.9333333333333,0.323678336795692,0.237386593509525
14.95,0.141784775553864,0.055493032267696
14.9666666666667,0.575840179411898,-0.0180653260632603
14.9833333333333,0.325261729501047,0.226031002887927
15.0,0.143283644225436,0.056652732354646
15.0166666666667,0.148427069907766,-0.188724842136384
15.0333333333333,0.399005519818618,-0.182543382841799
15.05,0.582618428093285,-0.0057087232485187
15.0666666666667,0.156588778005383,0.0629623047952315
15.0833333333333,0.579272132564359,0.234808857331126
15.1,0.151440699378423,0.0641302551754556
15.1166666666667,0.592863615850757,0.24112488633831
15.1333333333333,0.402277501401505,-0.192834887151089
15.15,0.335098191160685,0.24112488633831
15.1666666666667,0.146287961490125,0.0653000127764891
15.1833333333333,0.410716246799605,-0.197987625039386
15.2,0.336695284914768,0.242374738310664
15.2166666666667,0.405558843321816,-0.19076312380739
15.2333333333333,0.34497819545531,0.237297501726313
15.25,0.174513734250515,0.0664715812060486
15.2666666666667,0.419178410779232,0.0664715812060486
15.2833333333333,0.586165025860422,0.246135609201313
15.3,0.567454405124822,-0.0102470936260396
15.3166666666667,0.592985368369121,0.258839047527966
15.3333333333333,0.33640929605352,-0.0040275354065634
15.35,0.41049848586399,0.0636487266961808
15.3666666666667,0.343106646666077,0.0021984068665716
15.3833333333333,0.160534688092186,0.0584725973492382
15.4,0.172415098181252,-0.181423364633511
15.4166666666667,0.417325882119506,0.0763521650228341
15.4333333333333,0.344715256030383,0.248652322871965
15.45,0.596460500919346,0.242297345525812
15.4666666666667,0.33961496026645,0.243552027108032
15.4833333333333,0.332910679524327,-0.007997560275178
15.5,0.156872611534884,-0.121587884102541
15.5166666666667,0.413803386973595,0.0723567126762426
15.5333333333333,0.163583833168642,0.0671711821264949
15.55,0.420644923590533,-0.110131288571709
15.5666666666667,0.170302006478401,0.0671711821264949
15.5833333333333,0.165111765719629,0.0619809413677224
15.6,0.34282986532075,0.0823598676993008
15.6166666666667,0.165111765719629,-0.101655144038411
15.6333333333333,0.363026203485259,0.0634885515506902
15.65,0.1785690106164,-0.101655144038411
15.6666666666667,0.346054047060264,0.0658298924054527
15.6833333333333,0.415237278387014,-0.129828595845289
15.7,0.422107227834709,-0.110957279696679
15.7166666666667,0.352793140328002,0.242208604779336
15.7333333333333,0.347669627935917,0.0670032921499583
15.75,0.176455144394578,0.07828766116575
15.7666666666667,0.347669627935917,0.0670032921499583
15.7833333333333,0.349287541503534,0.0618751174122764
15.8,0.435868530428984,0.07828766116575
15.8166666666667,0.435868530428984,-0.104653880802523
15.8333333333333,0.425445496164438,-0.121380313961225
15.85,0.177999092716389,-0.103553131039898
15.8666666666667,0.356040635743095,0.257520932409491
15.8833333333333,-0.0732462406251443,-0.115076915067068
15.9,0.167566567114514,-0.113985656641773
15.9166666666667,0.347388184822313,0.261350617151825
15.9333333333333,0.432336871550688,-0.10245061687076
15.95,0.179545315462773,0.0870870512662634
15.9666666666667,0.364435042274918,0.271630335715575
15.9833333333333,0.607078280554205,0.248515841782305
16.0,0.201437510299533,-0.0886809047599364
16.0166666666667,0.181093817096549,-0.0886809047599364
16.0333333333333,0.366071701382996,0.260072120648282
16.05,0.360929501360517,0.0717151719103448
16.0666666666667,0.360929501360517,0.0717151719103448
16.0833333333333,0.350631031253042,0.074082131747209
16.1,0.350631031253042,0.0804246625142966
16.1166666666667,0.449532097657147,0.095927004991217
16.1333333333333,0.439071020126924,-0.104365374944573
16.15,0.182644602091483,0.108814886068149
16.1666666666667,0.185753040114896,0.0854659274609944
16.1833333333333,0.439071020126924,0.0854659274609944
16.2,0.617518526818706,0.074082131747209
16.2166666666667,0.619289552580169,0.0752683795906343
16.2333333333333,0.435518151495507,0.0814263612842268
16.25,0.187310702145968,-0.109603072861766
16.2666666666667,0.18887066554347,-0.102153933332565
16.2833333333333,0.367481076545871,0.0828121334002375
16.3,0.374290613270836,0.0764564776698364
16.3166666666667,0.372642066628132,0.265197762368889
16.3333333333333,0.442452680560259,-0.102153933332565
16.35,0.367481076545871,0.0828121334002375
16.3666666666667,0.374290613270836,0.0764564776698364
16.3833333333333,0.62106309156266,0.0891743668952053
16.4,0.62106309156266,0.272937981290224
16.4166666666667,-0.0699586169053148,-0.0946833115391911
16.4333333333333,0.363954485824051,0.262601853843439
16.45,0.622839148612173,0.0776464297107097
16.4666666666667,0.629788152343721,0.0840086632056774
16.4833333333333,0.116924526573055,0.0788382394484209
16.5,0.363954485824051,0.0724760059534532
16.5166666666667,0.382765309249315,0.103134932551268
16.5333333333333,0.631573986652398,0.0852070609246937
16.55,0.370771127579762,0.0852070609246937
16.5666666666667,0.377594885492059,0.104353155726605
16.5833333333333,0.372419735194796,0.0800319106274308
16.6,0.365595977282499,0.0800319106274308
16.6166666666667,0.610893503080327,0.318505678512962
16.6333333333333,0.198821272477339,-0.0808091042207082
16.65,0.193564409280647,-0.0860659674174002
16.6666666666667,0.372419735194796,0.0927893584967485
16.6833333333333,0.363696745380501,0.0644780355951973
16.7,0.626398836355135,0.0800319106274308
16.7166666666667,0.372419735194796,0.0991780054293422
16.7333333333333,0.362055229031971,0.0824248523339236
16.75,0.200395294498586,0.104454032578366
16.7666666666667,0.363696745380501,0.0772354834645149
16.7833333333333,0.36888611424991,0.0824248523339236
16.8,0.617808485088762,0.0836241303971086
16.8166666666667,0.382569311315569,0.0888134992665172
16.8333333333333,0.184595831965843,-0.101865429950143
16.85,0.363696745380501,0.0900194063902134
16.8666666666667,0.133275253218228,-0.154085282837718
16.8833333333333,0.205131363294108,0.0951420104874835
16.9,0.363696745380501,0.0900194063902134
16.9166666666667,0.198279029031502,-0.089081507024445
16.9333333333333,0.379038155291616,0.0784300089799579
16.95,0.37737994244616,0.0964213217669595
16.9666666666667,0.372185821029009,0.269048802484991
16.9833333333333,0.379038155291616,0.0848252849730628
17.0,0.372185821029009,0.269048802484991
17.0166666666667,0.205131363294108,0.108137096569239
17.0333333333333,0.379038155291616,0.0912272003498089
17.05,0.392764351489659,0.0848252849730628
17.0666666666667,0.373839274794988,0.27034409400198
17.0833333333333,0.140127587480835,-0.154085282837718
17.1,0.140127587480835,0.0366324066878271
17.1166666666667,0.633548643181009,0.0848252849730628
17.1333333333333,0.635342463381527,0.0924368849581597
17.15,0.140127587480835,-0.141274802355993
17.1666666666667,0.380698781193141,0.0796264044764349
17.1833333333333,0.134819256868487,-0.15299169807332
17.2,0.14167876326664,-0.146583132968342
17.2166666666667,0.380698781193141,0.0796264044764349
17.2333333333333,0.379038155291616,0.0912272003498089
17.25,0.380698781193141,0.086028319853181
17.2666666666667,0.134819256868487,-0.146583132968342
17.2833333333333,0.38932974475788,-0.146583132968342
17.3,0.14167876326664,-0.159393613450067
17.3166666666667,0.635342463381527,0.086028319853181
17.3333333333333,0.380698781193141,0.086028319853181
17.35,0.380698781193141,0.0796264044764349
17.3666666666667,0.375495135073319,0.080824673733359
17.3833333333333,0.637138840844117,0.080824673733359
17.4,0.38236182487321,0.0872332388383377
17.4166666666667,0.136365566702192,0.03901946020639
17.4333333333333,0.375495135073319,0.080824673733359
17.45,0.380698781193141,0.0924368849581597
17.4666666666667,-0.106231562904382,-0.140167907769048
17.4833333333333,0.375495135073319,0.278149028577518
17.5,0.14167876326664,-0.15299169807332
17.5166666666667,0.380698781193141,0.0988521101574534
17.5333333333333,0.14167876326664,-0.146583132968342
17.55,0.14167876326664,-0.146583132968342
17.5666666666667,0.14167876326664,-0.15299169807332
17.5833333333333,0.373839274794988,0.086028319853181
17.6,0.635342463381527,0.0796264044764349
17.6166666666667,0.403322469037438,-0.146583132968342
17.6333333333333,0.14854545306653,0.0313240760754788
17.65,0.14854545306653,-0.146583132968342
17.6666666666667,0.146987093878988,-0.147683367460972
17.6833333333333,0.134819256868487,0.0443326567708382
17.7,0.635342463381527,0.086028319853181
17.7166666666667,0.146987093878988,0.043133320755966
17.7333333333333,0.14167876326664,-0.146583132968342
17.75,0.401630776067374,0.0366324066878271
17.7666666666667,0.385897661689769,0.288551555193968
17.7833333333333,0.146987093878988,-0.147683367460972
17.8,0.379038155291616,0.0848252849730628
17.8166666666667,0.211990869692261,-0.0826795916476989
17.8333333333333,0.379038155291616,0.0784300089799579
17.85,0.459641851183501,-0.089081507024445
17.8666666666667,0.205131363294108,-0.089081507024445
17.8833333333333,0.394638075370228,-0.154085282837718
17.9,0.39109178310692,0.0964213217669595
17.9166666666667,0.45265646188667,-0.0826795916476989
17.9333333333333,0.384232276708767,0.0900194063902134
17.95,0.203550335304111,-0.0774082853750897
17.9666666666667,0.210402669566717,0.100413316760093
17.9833333333333,0.203550335304111,-0.0902054767449407
18.0,0.203550335304111,-0.0838102007518358
18.0166666666667,0.203550335304111,-0.0902054767449407
18.0333333333333,0.398108967775656,0.0979645087940113
18.05,0.200395294498586,0.117435645033844
18.0666666666667,0.200395294498586,-0.0860659674174002
18.0833333333333,0.200395294498586,0.104454032578366
18.1,0.200395294498586,0.104454032578366
18.1166666666667,0.200395294498586,-0.0860659674174002
18.1333333333333,0.447543510440987,-0.0988234152867179
18.15,0.377594885492059,0.288484508789778
18.1666666666667,0.198821272477339,-0.0808091042207082
18.1833333333333,0.19724957659215,0.102008229811159
18.2,0.19724957659215,0.102008229811159
18.2166666666667,0.19724957659215,-0.0883144900629183
18.2333333333333,0.381107255026546,0.0891743668952053
18.25,0.190432934836439,-0.0946833115391911
18.2666666666667,0.195680202268434,-0.089436044107196
18.2833333333333,0.18887066554347,0.0943275702878225
18.3,0.194113144942819,0.099570049687172
18.3166666666667,0.447695159959608,0.106030668236183
18.3333333333333,0.452932857876802,-0.085318100285621
18.35,0.187310702145968,0.0931161106207327
18.3666666666667,0.364200546806678,0.270354045292552
18.3833333333333,0.44599832881205,-0.0916737560160222
18.4,0.192548400063161,0.0854659274609944
18.4166666666667,0.449532097657147,-0.0875617666472628
18.4333333333333,0.456459406342272,0.102367616130992
18.45,0.449532097657147,0.095927004991217
18.4666666666667,0.371209219924267,0.271630335715575
18.4833333333333,0.206656147554613,0.106369034900711
18.5,0.371209219924267,0.265209639189553
18.5166666666667,0.439235411194665,-0.0961276974491952
18.5333333333333,0.437550759897483,-0.0909138091024005
18.55,0.191526342698423,-0.0972367285239656
18.5666666666667,0.184759203809568,0.0923009396130581
18.5833333333333,0.435868530428984,-0.104653880802523
18.6,0.361168810480777,0.269056578533948
18.6166666666667,0.435868530428984,0.0846885353005362
18.6333333333333,0.437706275629568,0.100287583095395
18.65,0.623585590915624,-0.105752869740509
18.6666666666667,0.190498344642911,0.099076949719381
18.6833333333333,0.183759251375172,0.0926826626528424
18.7,0.436026566940645,-0.0964649032796387
18.7166666666667,0.427493546867471,0.09786819320259
18.7333333333333,0.420644923590533,0.0723567126762426
18.75,0.16876936371839,0.0787247528889921
18.7666666666667,0.418984213723273,0.0775375394259207
18.7833333333333,0.431001879687154,-0.175197422360376
18.8,0.170882255769074,0.087885107102808
18.8166666666667,0.606037180629791,0.0763521650228341
18.8333333333333,0.170882255769074,0.0751686260066258
18.85,0.425998753287931,0.0918524324467761
18.8666666666667,0.174513734250515,0.0791489941201227
18.8833333333333,0.424335814257021,0.0716289846838372
18.9,0.415868984687902,-0.180452982441305
18.9166666666667,0.410716246799605,0.0653000127764891
18.9333333333333,0.156588778005383,0.0756008292917464
18.95,0.163251638624791,0.0756008292917464
18.9666666666667,0.419361242264559,0.0744217594847456
18.9833333333333,0.412569005710795,0.0681057304775614
19.0,0.602341779627049,0.0835081528528555
19.0166666666667,0.414407942193912,0.07719858041227
19.0333333333333,0.419532819036969,0.0823234572553268
19.05,0.142426155152034,0.0823234572553268
19.0666666666667,0.397609749423233,0.312279645422419
19.0833333333333,0.590272893671322,0.0673854308954802
19.1,0.576600311280259,0.0611079932619766
19.1166666666667,0.586817770425377,-0.178556941485395
19.1333333333333,0.399462837788428,0.0650544122705746
19.15,0.397835039453675,0.0638915914142366
19.1666666666667,0.571463293116108,0.0638915914142366
19.1833333333333,0.394586375610972,-0.187802539385565
19.2,0.573138648430378,0.0666593877794774
19.2166666666667,0.384651704365456,0.0592581482703352
19.2333333333333,0.569726309146866,0.0581042299072699
19.25,0.569726309146866,0.0456574892785284
19.2666666666667,0.386504951844049,0.298202698415221
19.2833333333333,0.124631728506914,0.298202698415221
19.3,0.569686361015552,0.0659277205724514
19.3166666666667,0.318717141594005,-0.190706763468897
19.3333333333333,0.368381741664071,0.0585624257903866
19.35,0.366792702501161,0.0450290113088407
19.3666666666667,0.557857780951074,0.0377174321790733
19.3833333333333,0.370248543146653,0.290620623847267
19.4,0.368659476178281,0.04779819381829
19.4166666666667,0.557835675161749,0.0516909404675843
19.4333333333333,0.542756180465919,0.0382429476939279
19.45,0.36734123936195,0.0482787526644934
19.4666666666667,0.30658986793731,-0.196838672769899
19.4833333333333,0.544434443799489,0.281859422827775
19.5,0.325445358573999,0.0632935743343893
19.5166666666667,0.546099608895069,0.284370585357554
19.5333333333333,0.542767289201896,0.275656526517513
19.55,0.529479671701913,0.275656526517513
19.5666666666667,0.295722093441101,-0.197832843910962
19.5833333333333,0.292636727042887,-0.199856364679984
19.6,0.292636727042887,0.0462617325047113
19.6166666666667,0.516289306830325,0.270726932868566
19.6333333333333,0.288024979898351,0.0304975556372227
19.65,0.51471787180954,0.270775351070799
19.6666666666667,0.513088934786473,0.269550259171242
19.6833333333333,0.268778649553222,0.0322038661454592
19.7,0.28389363692249,0.0411613148741061
19.7166666666667,0.504977724376859,0.257318620158009
19.7333333333333,0.274306085454864,0.0205201157279873
19.75,0.266264843574281,0.0255406421760398
19.7666666666667,0.276292596041331,0.029447636253898
19.7833333333333,0.263257019069481,0.0233329758569333
19.8,0.270250022116188,0.0250279589866551
19.8166666666667,0.262256193497191,0.0178428943768466
19.8333333333333,0.254283926555522,0.0167498381856511
19.85,0.2527957170748,0.0156584278845656
19.8666666666667,0.249825525182401,0.0074263537405151
19.8833333333333,0.246863610169525,0.0113091819037749
19.9,0.23895533397392,-0.0018404921509443
19.9166666666667,0.248860199857548,0.0140946104350192
19.9333333333333,0.24590606635045,0.0179518689523391
19.95,0.249365001589818,0.0157794466655695
19.9666666666667,0.247888742632504,0.0026887302806152
19.9833333333333,0.253290717183594,0.0272671425769033
20.0,0.225803975173947,0.0005497297473212
20.0166666666667,0.45576132399718,0.418383943963197
20.0333333333333,0.224909974951213,0.001189411745144
20.05,0.210798087326695,-0.0117765473980697
20.0666666666667,0.22057377897921,-0.0020008557455547
20.0833333333333,0.222565911999651,-0.0111011127833414
20.1,0.221124239860771,-0.0062323975133004
20.1166666666667,0.208522127271407,-0.0121508275535675
20.1333333333333,0.207094863145549,-0.0191058220676375
20.15,0.207094863145549,-0.0426754633647036
20.1666666666667,0.211955112286191,-0.0260419220785145
20.1833333333333,0.205669564973304,-0.0260419220785145
20.2,0.199390204767205,0.159744722554473
20.2166666666667,0.191706033524501,-0.0211858977240645
20.2333333333333,0.213945625487288,0.168316865679375
20.25,0.213945625487288,-0.0232597935039792
20.2666666666667,0.21878900848224,-0.0184164105090275
20.2833333333333,0.21878900848224,-0.0242944313193739
20.3,0.217355006428445,-0.0194552511430381
20.3166666666667,-0.0040799507842209,-0.235012187545357
20.3333333333333,0.0008489272752136,-0.235961330296269
20.35,-0.000493479479072,-0.231036723683532
20.3666666666667,0.233774266879843,0.0036195944105934
20.3833333333333,0.238584179902729,0.0084295074334797
20.4,0.235688269142796,0.197489129464927
20.4166666666667,0.01509551352447,-0.214283275234462
20.4333333333333,0.24861080748965,0.0196193320543813
20.45,0.247155412949206,0.0185508327132581
20.4666666666667,0.25047468352501,0.195346741399788
20.4833333333333,0.24756562673199,0.0201192300478176
20.5,0.0202438044018947,-0.19478486952196
20.5166666666667,0.0250924648169388,-0.195762880448604
20.5333333333333,0.0175435140491032,-0.0180721065304027
20.55,0.0148507827599033,-0.0142977503481191
20.5666666666667,-0.0098153472402138,-0.216083257354988
20.5833333333333,0.0046682859333465,-0.195806812906214
20.6,0.0033363726497462,-0.208348811408489
20.6166666666667,0.0006781229345136,-0.204497989431852
20.6333333333333,0.224137648827889,0.173544659518033
20.65,0.209058211157871,-0.000415646573343
20.6666666666667,-0.0107259288418099,-0.219832594748302
20.6833333333333,-0.0111926597135742,-0.03009941111278
20.7,0.0522220842173965,-0.200921081813212
20.7166666666667,0.209899531876128,-0.0363227595858902
20.7333333333333,0.220149520454448,-0.200921752730488
20.75,0.195371705529809,-0.0482361996461492
20.7666666666667,0.255437032320611,-0.0110949593786202
20.7833333333333,0.0226950182975969,-0.219056913146276
20.8,0.411257387571906,-0.0047980707470799
20.8166666666667,0.22736603724483,-0.0239032574363947
20.8333333333333,0.399220073922726,-0.0372367314055083
20.85,0.157623171941736,-0.0381635253564809
20.8666666666667,0.193686328734578,-0.036558855957734
20.8833333333333,0.354001397986373,0.189284893142405
20.9,0.180991164145927,0.179205064413302
20.9166666666667,0.133442183410225,-0.0413893844068994
20.9333333333333,0.316846301531698,0.161043993911392
20.95,-0.0613574180294258,-0.061383575758942
20.9666666666667,0.32329616213733,0.156789044773087
20.9833333333333,0.100276633096369,-0.0652529670541334
21.0,-0.0733281559761032,-0.0774896664322981
21.0166666666667,0.334291712142379,0.140241241935414
21.0333333333333,0.300373385059475,-0.0859538755382722
21.05,0.0972249283362991,-0.0831805559348808
21.0666666666667,0.30092906234691,-0.0953022880546698
21.0833333333333,0.086190617065288,-0.0869473473903334
21.1,0.088281370407676,-0.0897583083672778
21.1166666666667,0.291402744238965,0.138186028150442
21.1333333333333,0.0609852993222411,-0.087007279180019
21.15,0.0655997640132661,-0.099027144897007
21.1666666666667,0.06310593290264,-0.106397609207736
21.1833333333333,0.276024914873363,-0.108228394649631
21.2,0.285211714343195,-0.104550339011861
21.2166666666667,0.0660639302556703,0.125802380264982
21.2333333333333,0.285761609693299,-0.108206310004747
21.25,0.284419130367477,-0.125536251847709
21.2666666666667,0.259495499552012,-0.120967562909438
21.2833333333333,0.268621530529963,-0.117304464497166
21.3,0.261420294518255,0.0918981754926989
21.3166666666667,0.264652584265428,0.0899220899512827
21.3333333333333,0.24707190923956,0.0843900156823892
21.35,0.226275193982886,0.0642377688050665
21.3666666666667,0.233411159652971,0.054163628825853
21.3833333333333,0.245126173017997,0.054163628825853
21.4,0.235388846088185,0.264619094429165
21.4166666666667,0.264652584265428,-0.157996177272478
21.4333333333333,0.245768598496122,0.0613520938569991
21.45,0.455534825011021,0.282468903897193
21.4666666666667,0.236040873475726,0.0749677459370446
21.4833333333333,0.246399680038137,0.0794988067354389
21.5,0.258071361089117,0.0685007346932252
21.5166666666667,0.432569100859013,0.0475792120092329
21.5333333333333,0.232171900870345,0.0610924225955415
21.55,0.23088551948072,0.0656122855755662
21.5666666666667,0.220564768886868,0.0501447780060161
21.5833333333333,0.235401659077918,0.0537144894589069
21.6,0.212230175129017,0.048253209908615
21.6166666666667,0.209697553305257,0.0572743373429219
21.6333333333333,0.237331357643103,0.0454254963230817
21.65,0.231541161325544,0.0454254963230817
21.6666666666667,0.223201433814552,0.0435467530421278
21.6833333333333,0.226416631490258,0.0470994985914395
21.7,0.20914172667229,0.0416731078758744
21.7166666666667,0.186182452236092,0.0416731078758744
21.7333333333333,0.200883724029557,0.0343930021412035
21.75,0.397809740343124,0.237690741761062
21.7666666666667,0.191914371364228,0.0146153709324061
21.7833333333333,0.191914371364228,0.0146153709324061
21.8,0.19890379706158,0.0101251666661405
21.8166666666667,0.194409901446981,0.0110329454561516
21.8333333333333,0.216162830192657,0.0209334452096087
21.85,0.216162830192657,0.031761469708902
21.8666666666667,0.227695329429152,0.0426092943251739
21.8833333333333,0.221926427223993,0.0480406486567276
21.9,0.227695329429152,0.0534769734178489
21.9166666666667,0.246330241140006,-0.169948917513899
21.9333333333333,0.252125779407692,0.0653219429870966
21.95,0.0333679697733523,0.0707782178522166
21.9666666666667,0.248927783524616,0.0617793343553132
21.9833333333333,0.0198640892640576,-0.156686132876843
22.0,0.256040639430717,-0.156686132876843
22.0166666666667,0.0198640892640576,-0.151318055533557
22.0333333333333,0.460531558888498,0.0536163951297802
22.05,0.0381972679533448,-0.161194839497789
22.0666666666667,0.251531932809772,0.0691645109964895
22.0833333333333,0.256040639430717,-0.145945047619197
22.1,0.0336848471399833,0.0756097924790524
22.1166666666667,0.263171272207153,-0.145075808958501
22.1333333333333,0.479386310624856,0.065311483695185
22.15,0.264486597157808,0.0756097924790524
22.1666666666667,0.270319736932043,-0.133424701573605
22.1833333333333,-0.180044731773368,-0.138817499859412
22.2,0.270319736932043,-0.133424701573605
22.2166666666667,0.0508717841904257,-0.133424701573605
22.2333333333333,0.49247435412089,0.302556283384703
22.25,0.27164213861159,-0.132543078207645
22.2666666666667,0.041835781613203,-0.142460704150827
22.2833333333333,0.272966225917011,-0.13706294118767
22.3,0.0475753756435502,-0.142460704150827
22.3166666666667,0.278815592731249,0.0830481551808234
22.3333333333333,0.2697646781888,0.0850054399752878
22.35,-0.124852102502697,-0.135303408323239
22.3666666666667,0.2697646781888,0.0850054399752878
22.3833333333333,0.0385244611011011,0.0960339359112972
22.4,-0.124852102502697,-0.135303408323239
22.4166666666667,0.290530606096275,-0.12625249378079
22.4333333333333,0.0648261061767577,0.105084850453746
22.45,0.0648261061767577,-0.120839795581167
22.4666666666667,0.0705870238793707,-0.120839795581167
22.4833333333333,0.296396267757116,-0.109999415704617
22.5,0.296396267757116,-0.12625249378079
22.5166666666667,0.296396267757116,-0.109999415704617
22.5333333333333,0.0705870238793707,-0.109999415704617
22.55,0.296396267757116,-0.120839795581167
22.5666666666667,0.287345353214667,0.0960339359112972
22.5833333333333,0.0615361093369216,-0.119050330247066
22.6,0.296396267757116,0.105084850453746
22.6166666666667,0.287345353214667,0.112614858900522
22.6333333333333,0.296396267757116,0.116133699174078
22.65,0.287345353214667,-0.129890710123616
22.6666666666667,0.0615361093369216,0.0960339359112972
22.6833333333333,0.287345353214667,0.112614858900522
22.7,0.0615361093369216,0.107082784631628
22.7166666666667,0.0615361093369216,0.107082784631628
22.7333333333333,0.287345353214667,-0.129890710123616
22.75,0.0615361093369216,-0.119050330247066
22.7666666666667,0.288685400826092,0.102551723833234
22.7833333333333,0.282814292416273,-0.13442177092201
22.8,0.288685400826092,0.102551723833234
22.8166666666667,0.282814292416273,0.108083798102128
22.8333333333333,0.0627713157267415,0.102551723833234
22.85,0.282814292416273,0.0915028751129029
22.8666666666667,0.288685400826092,0.0915028751129029
22.8833333333333,0.284150598172884,0.0980169211800266
22.9,0.290027160921839,0.10354899544892
22.9166666666667,0.284150598172884,0.0869680724596954
22.9333333333333,0.058236513073534,0.0869680724596954
22.95,0.290027160921839,0.10354899544892
22.9666666666667,0.290027160921839,0.10354899544892
22.9833333333333,0.275069748746046,0.0889360717531886
23.0,0.285488611776738,0.0934783720349259
23.0166666666667,0.280946311495001,0.0944681460220821
23.0333333333333,0.285488611776738,0.110089930002227
23.05,0.280946311495001,0.100005329650622
23.0666666666667,0.280946311495001,-0.126336639150664
23.0833333333333,0.276400255424201,0.0899220899512827
23.1,0.282282280116552,0.0954592735798229
23.1166666666667,0.273178881959561,0.0863558754228315
23.1333333333333,0.288169774370701,0.0954592735798229
23.15,0.279066376213709,0.0863558754228315
23.1666666666667,0.279066376213709,0.0918981754926989
23.1833333333333,0.274509024784111,-0.139105716437617
23.2,0.275840870327161,0.0827796981576114
23.2166666666667,0.265382993806161,0.0782147930851501
23.2333333333333,0.2712759652547,0.0782147930851501
23.25,0.275840870327161,0.0827796981576114
23.2666666666667,0.287643275408786,0.0938796760135965
23.2833333333333,0.283078370336324,0.10043529987061
23.3,0.283078370336324,0.10043529987061
23.3166666666667,0.284419130367477,0.0791935277528637
23.3333333333333,0.284419130367477,0.0958666109323388
23.35,0.284419130367477,0.0847460820028644
23.3666666666667,0.279846652856753,0.091294133421615
23.3833333333333,0.290334087204022,0.0958666109323388
23.4,0.285761609693299,0.091294133421615
23.4166666666667,0.291682082100922,0.091294133421615
23.4333333333333,0.063577754532681,-0.125536251847709
23.45,0.285761609693299,0.0968621223827867
23.4666666666667,0.297608077797943,-0.119167671596618
23.4833333333333,0.287105811303289,0.097858999753808
23.5,0.291682082100922,0.10801358510156
23.5166666666667,0.29303180700031,0.103437314303927
23.5333333333333,0.29303180700031,0.103437314303927
23.55,0.29303180700031,0.097858999753808
23.5666666666667,0.29896333371947,-0.118265803107818
23.5833333333333,0.0718895368548459,0.097858999753808
23.6,0.297091391851101,0.0896856949276518
23.6166666666667,0.289799393366562,0.0942733739510196
23.6333333333333,0.279280187624035,0.0952691830465184
23.65,0.279280187624035,0.112050760888707
23.6666666666667,0.280620223096707,0.0906776918000311
23.6833333333333,0.292499900604614,0.0962663606882643
23.7,0.287904592381269,0.0860823835766865
23.7166666666667,0.287904592381269,0.102863961418875
23.7333333333333,0.287904592381269,0.956376107949384
23.75,0.287904592381269,0.102863961418875
23.7666666666667,0.295207357170372,0.0870719225030761
23.7833333333333,0.299806487132216,-0.124739277655927
23.8,0.289253628745983,-0.12933840761777
23.8166666666667,0.295207357170372,0.0982648314570312
23.8333333333333,0.295207357170372,-0.123839893735419
23.85,0.513608989145156,0.32192088387806
23.8666666666667,0.513608989145156,0.32192088387806
23.8833333333333,0.504572311123548,0.307274741616649
23.9,0.0597414036065309,-0.12664789266343
23.9166666666667,0.510537187174045,0.3184988870699
23.9333333333333,0.506013202182842,0.308360220865249
23.95,0.517959718805658,0.0860541460230046
23.9666666666667,0.28868963391308,0.324118792538302
23.9833333333333,0.288696698805382,-0.125748487838288
24.0,0.288696698805382,0.0966583987012378
24.0166666666667,0.507455908538971,0.087040260287268
24.0333333333333,0.502924378311235,0.310535522067458
24.05,0.291402744238965,-0.129469956670036
24.0666666666667,0.307993826791548,0.103285130830903
24.0833333333333,0.307993826791548,0.0976599938126974
24.1,0.0798553659094246,0.103285130830903
24.1166666666667,0.0798553659094246,-0.108259919944974
24.1333333333333,0.0752332050771329,0.0986629699986118
24.15,0.291402744238965,-0.123945814300672
24.1666666666667,0.298745649834161,-0.134095972795131
24.1833333333333,0.0764930556711576,0.0996673297499825
24.2,0.303371665959256,0.115569843504703
24.2166666666667,0.303371665959256,-0.112882080777266
24.2333333333333,0.309364548436908,0.115569843504703
24.25,0.298745649834161,-0.111968491340274
24.2666666666667,0.315363055865654,0.121215979942985
24.2833333333333,0.309364548436908,0.121215979942985
24.3,0.309364548436908,-0.107342475215179
24.3166666666667,0.309364548436908,-0.112882080777266
24.3333333333333,0.315363055865654,0.121215979942985
24.35,0.309364548436908,-0.112882080777266
24.3666666666667,0.0870104630209155,-0.112882080777266
24.3833333333333,0.0811190717962532,0.121215979942985
24.4,0.315363055865654,-0.112882080777266
24.4166666666667,0.313986709269199,0.125838140775276
24.4333333333333,0.325989357000927,0.10891550670737
24.45,0.319985216697945,0.120192004336995
24.4666666666667,0.0857412326285448,0.120192004336995
24.4833333333333,0.324603527054887,-0.0981020040259452
24.5,0.541920030432347,0.330850320441771
24.5166666666667,0.324603527054887,0.130456451132218
24.5333333333333,0.318605019626141,-0.103641609588032
24.55,0.317226601839515,-0.110090878420414
24.5666666666667,0.317226601839515,-0.099027144897007
24.5833333333333,0.326444013421556,-0.106397609207736
24.6,0.33104696989147,-0.101794652737822
24.6166666666667,0.319078048171179,-0.107313655095307
24.6333333333333,0.323677178133023,0.130937403892669
24.65,0.0957524479959034,0.136567779769135
24.6666666666667,0.31770112311824,0.136567779769135
24.6833333333333,0.326887922588072,0.134499066344295
24.7,0.314952584929541,-0.0990415951797992
24.7166666666667,0.0977937405202645,0.139086745367663
24.7333333333333,0.328704204305816,0.142630780252168
24.75,0.328704204305816,0.13701609903872
24.7666666666667,0.322744905978323,-0.0852899758035242
24.7833333333333,0.321367448351567,0.141592369836353
24.8,0.325939925862291,0.140555383107274
24.8166666666667,0.321367448351567,0.130378651062615
24.8333333333333,0.324560448474004,0.139519817511609
24.85,0.312680770966097,0.128326908557654
24.8666666666667,0.317245676038559,0.132891813630116
24.8833333333333,0.320432626654487,0.142010290965203
24.9,0.314506630957466,0.130838133958103
24.9166666666667,0.317689556706834,0.134363217564976
24.9333333333333,0.316320655941087,0.138909273635775
24.95,0.316320655941087,0.127768136505949
24.9666666666667,0.314953507253401,0.132310436787687
24.9833333333333,0.307689651316878,0.125728457003313
25.0,0.306331482521546,0.13026325965652
25.0166666666667,0.31086254331994,0.134794320454915
25.0333333333333,0.29909302437344,0.129241766204914
25.05,0.308143938915889,0.127202957071511
25.0666666666667,0.312663801895914,0.131722820051536
25.0833333333333,0.311303378744158,0.130701776020194
25.1,0.300916130737141,0.120653562154102
25.1166666666667,0.0892677948592862,-0.0961779607832426
25.1333333333333,0.292364016121833,0.113116485294715
25.15,0.086743224414527,-0.0869875178629755
25.1666666666667,0.075049907314844,-0.0980160137989848
25.1833333333333,0.0900691897932091,-0.099848880942978
25.2,0.29150550071601,0.113606555371098
25.2166666666667,0.0817138171588418,-0.0961851281860696
25.2333333333333,0.08046055978974,-0.102588499125
25.25,0.0688212203923584,-0.102588499125
25.2666666666667,0.0721473298604145,-0.0989321484143886
25.2833333333333,0.289306576868964,0.113085698374285
25.3,0.0754638225742873,-0.106223347044724
25.3166666666667,0.0626329625750458,-0.107128864395185
25.3333333333333,0.0717332972410894,-0.114382367761373
25.35,0.0543946862331936,0.0538976052390396
25.3666666666667,0.0577112295619386,-0.105296922227469
25.3833333333333,0.0461893333583724,-0.12160590333688
25.4,0.0597896643705155,-0.118853396941009
25.4166666666667,0.058562694338007,-0.108905924458409
25.4333333333333,0.0573373125877978,-0.126039643403031
25.45,0.216497223956357,0.050659920175714
25.4666666666667,-0.105861369805851,-0.272026776704926
25.4833333333333,0.215205148415052,-0.12329316316797
25.5,-0.103602757056696,-0.112536662055457
25.5166666666667,-0.11046842068498,-0.118886603694908
25.5333333333333,-0.111616392628351,-0.281537209299814
25.55,0.0349945203794924,0.038476369382937
25.5666666666667,-0.116193196491361,-0.117898243825157
25.5833333333333,-0.117333639607008,-0.118787479065021
25.6,0.0346778658480922,0.0283119324057338
25.6166666666667,0.199827390605998,0.0273705575513304
25.6333333333333,0.0209834040013085,-0.140020771988411
25.65,0.0198000488256525,-0.140884264068637
25.6666666666667,0.0230712020768024,0.0290070624949742
25.6833333333333,0.187779807771157,0.0173032178518653
25.7,0.193488564372113,0.0334564464307384
25.7166666666667,0.0218872755340904,0.0173032178518653
25.7333333333333,0.0094638142943146,0.0163743166058396
25.75,-0.148906032086934,-0.147365361456671
25.7666666666667,0.0127317168094407,-0.201348483153353
25.7833333333333,-0.145510041432317,-0.143721481929223
25.8,0.0071239331093345,0.0038048137298758
25.8166666666667,-0.156720524300977,-0.154436944511882
25.8333333333333,-0.156720524300977,-0.165133104013378
25.85,-0.363125276355841,-0.371537856068242
25.8666666666667,0.171397529969082,0.0082398177219808
25.8833333333333,0.0003586163838569,-0.0024563417795157
25.9,0.0003586163838569,0.0082398177219808
25.9166666666667,0.165724940274308,0.0135951328637866
25.9333333333333,0.168916749257747,0.0170990777687322
25.95,-0.157819175454168,-0.165974991005368
25.9666666666667,0.0075471484362822,-0.165974991005368
25.9833333333333,0.0003586163838569,-0.228433410670024
26.0,-0.35956548968347,-0.362380447846842
26.0166666666667,-0.354992331425345,-0.363148146976545
26.0333333333333,0.0165341862721682,-0.151647095781655
26.05,-0.144344061374264,-0.373136088428144
26.0666666666667,0.013642141164047,-0.215149885889834
26.0833333333333,0.0266948522109608,-0.152499876925464
26.1,0.0180628348117267,0.015247876648354
26.1166666666667,0.0153548114528746,-0.147159019537636
26.1333333333333,0.177761707638865,0.0099070192605267
26.15,0.014176945693999,-0.153351474418346
26.1666666666667,-0.145452158551047,-0.148015423273252
26.1833333333333,-0.361602902258713,-0.579214891487636
26.2,-0.145452158551047,-0.148015423273252
26.2166666666667,-0.151039645547011,-0.153351474418346
26.2333333333333,-0.196386311017704,-0.363914731130048
26.25,0.0186577811386421,-0.148870638973703
26.2666666666667,-0.372762712237268,-0.584451667262588
26.2833333333333,0.0017015432156235,-0.159528348463216
26.3,0.0073485094193031,-0.148870638973703
26.3166666666667,-0.0027792922290196,-0.158682725805504
26.3333333333333,0.0153548114528746,-0.157835928070557
26.35,-0.162199455525565,-0.153351474418346
26.3666666666667,0.00286767397466,-0.158682725805504
26.3833333333333,0.15072245665708,-0.015829106300815
26.4,-0.0016167796775512,-0.168493637560071
26.4166666666667,-0.166683909177777,-0.168493637560071
26.4333333333333,-0.366172369250303,-0.373815449508796
26.45,0.156369422860759,-0.0105074350217599
26.4666666666667,0.005204415797769,-0.167655255701734
26.4833333333333,-0.171171985421795,-0.167655255701734
26.5,-0.0150918937574559,-0.402307404805266
26.5166666666667,-0.370745527508428,-0.373057356379763
26.5333333333333,-0.160012175443241,-0.172981713804089
26.55,0.005204415797769,-0.162324004314576
26.5666666666667,0.005204415797769,-0.172981713804089
26.5833333333333,-0.155524099199222,-0.163167179457715
26.6,-0.172256245872158,-0.383604929517935
26.6166666666667,-0.213342548940722,-0.374572440619562
26.6333333333333,-0.217912015932312,-0.379141907611152
26.65,-0.0016167796775512,0.0572705706025047
26.6666666666667,-0.0072637458812309,0.0627010080619826
26.6833333333333,-0.0117518221252496,-0.167655255701734
26.7,-0.217912015932312,-0.379141907611152
26.7166666666667,-0.177823546157143,-0.168493637560071
26.7333333333333,-0.217912015932312,-0.373815449508796
26.75,-0.0072637458812309,-0.163167179457715
26.7666666666667,-0.0061048559215699,-0.172981713804089
26.7833333333333,-0.0016167796775512,-0.168493637560071
26.8,0.0096924920417876,-0.163167179457715
26.8166666666667,-0.361602902258713,-0.363914731130048
26.8333333333333,-0.151039645547011,-0.158682725805504
26.85,0.173341013991185,-0.0051809769194044
26.8666666666667,-0.149936612203258,-0.157835928070557
26.8833333333333,0.0096924920417876,-0.157835928070557
26.9,0.0096924920417876,-0.152499876925464
26.9166666666667,0.0153548114528746,-0.152499876925464
26.9333333333333,0.173341013991185,0.0001502744677537
26.95,0.010866735208856,-0.156987953169482
26.9666666666667,0.005204415797769,-0.382860940447115
26.9833333333333,-0.365158040512464,-0.367721305234669
27.0,0.0113645397971162,-0.376878713456069
27.0166666666667,0.0075471484362822,-0.171311042150462
27.0333333333333,0.0018796973729699,-0.370872548723642
27.05,-0.373307156839016,-0.376122115002389
27.0666666666667,-0.203356574014418,-0.376878713456069
27.0833333333333,-0.373307156839016,-0.376122115002389
27.1,-0.0014544325551796,-0.390371290900294
27.1166666666667,0.003048178040445,-0.154436944511882
27.1333333333333,0.0042181571395943,-0.169635714609003
27.15,0.0098958924577281,-0.169635714609003
27.1666666666667,-0.161223134896602,-0.158939555107506
27.1833333333333,0.0042181571395943,-0.158939555107506
27.2,-0.155620435728048,-0.169635714609003
27.2166666666667,-0.156720524300977,-0.149081629370076
27.2333333333333,0.0087207677352189,-0.143721481929223
27.25,-0.195495588132029,-0.364658608501549
27.2666666666667,-0.361087020563789,-0.359298461060695
27.2833333333333,-0.145510041432317,-0.149081629370076
27.3,-0.145510041432317,-0.143721481929223
27.3166666666667,-0.362106836121433,-0.365425955500892
27.3333333333333,0.0155787804038184,-0.369358024575843
27.35,-0.151117825132423,-0.149081629370076
27.3666666666667,-0.190907619989567,-0.360070640359086
27.3833333333333,0.168201668859614,0.0047215364361846
27.4,0.0115589371014394,0.0082398177219808
27.4166666666667,-0.146618854736586,-0.139222511533386
27.4333333333333,-0.196590507935657,-0.575844424969229
27.45,-0.196590507935657,-0.360070640359086
27.4666666666667,-0.156720524300977,-0.143721481929223
27.4833333333333,0.239585911030225,-0.149937974116045
27.5,-0.151117825132423,-0.149081629370076
27.5166666666667,-0.145510041432317,-0.149081629370076
27.5333333333333,-0.196590507935657,-0.365425955500892
27.55,-0.146618854736586,-0.160634133617541
27.5666666666667,-0.196590507935657,-0.354710492918233
27.5833333333333,-0.357522577187287,-0.355486381424939
27.6,0.01889747344919,-0.149937974116045
27.6166666666667,0.235086940634388,-0.154436944511882
27.6333333333333,0.01889747344919,-0.139222511533386
27.65,0.01889747344919,0.081911420517612
27.6666666666667,-0.146618854736586,-0.144582658974239
27.6833333333333,0.172640261295111,-0.217129760877722
27.7,0.01889747344919,-0.144582658974239
27.7166666666667,-0.357522577187287,-0.355486381424939
27.7333333333333,0.245368937970961,-0.139222511533386
27.75,0.191617413280057,0.0278145403513911
27.7666666666667,-0.146618854736586,-0.144582658974239
27.7833333333333,0.177075265287215,0.0189552803046396
27.8,0.239585911030225,-0.144582658974239
27.8166666666667,0.0378395968009244,-0.351684288345346
27.8333333333333,0.239585911030225,-0.144582658974239
27.85,-0.357522577187287,-0.350126233984086
27.8666666666667,-0.145510041432317,-0.149081629370076
27.8833333333333,0.0245803613952802,-0.144582658974239
27.9,0.0143985030533528,0.0719525790076027
27.9166666666667,0.182758153233306,0.0189552803046396
27.9333333333333,-0.18632336105542,-0.355486381424939
27.95,0.0298809565861134,-0.349345506634829
27.9666666666667,0.235086940634388,-0.143721481929223
27.9833333333333,0.020081390999443,-0.138356495645819
28.0,-0.190907619989567,-0.349345506634829
28.0166666666667,-0.361087020563789,-0.364658608501549
28.0333333333333,-0.356499052421327,-0.349345506634829
28.05,0.020081390999443,-0.143721481929223
28.0666666666667,-0.190907619989567,-0.349345506634829
28.0833333333333,0.020081390999443,-0.143721481929223
28.1,-0.190907619989567,-0.349345506634829
28.1166666666667,0.0155787804038184,-0.148224092524848
28.1333333333333,-0.145510041432317,-0.143721481929223
28.15,0.0257694385908074,-0.143721481929223
28.1666666666667,-0.195495588132029,-0.359298461060695
28.1833333333333,0.020081390999443,-0.149081629370076
28.2,-0.145510041432317,-0.143721481929223
28.2166666666667,0.0155787804038184,-0.148224092524848
28.2333333333333,-0.190907619989567,-0.349345506634829
28.25,-0.18632336105542,-0.344761247700682
28.2666666666667,-0.190907619989567,-0.360070640359086
28.2833333333333,0.020081390999443,-0.143721481929223
28.3,-0.190907619989567,-0.354710492918233
28.3166666666667,0.0245803613952802,0.0873762204993106
28.3333333333333,0.0298809565861134,-0.349345506634829
28.35,-0.171477905242656,-0.335603839479283
28.3666666666667,0.0245803613952802,-0.133857525249982
28.3833333333333,-0.35191479348718,-0.355486381424939
28.4,-0.192006249001511,-0.344761247700682
28.4166666666667,-0.182848840780111,-0.335603839479283
28.4333333333333,-0.192006249001511,-0.576520589802618
28.45,-0.182848840780111,-0.34632897320354
28.4666666666667,0.0436226237416598,-0.34632897320354
28.4833333333333,-0.146618854736586,-0.144582658974239
28.5,0.0378395968009244,-0.34632897320354
28.5166666666667,-0.182848840780111,-0.340968825762687
28.5333333333333,0.0222067759669422,-0.135595621138353
28.55,-0.188526576098245,-0.340968825762687
28.5666666666667,0.0266948522109608,-0.131107544894334
28.5833333333333,-0.18395341784012,-0.341755814945415
28.6,0.0222067759669422,-0.135595621138353
28.6166666666667,-0.138746439825236,-0.13646286003614
28.6333333333333,-0.18395341784012,-0.341755814945415
28.65,0.0266948522109608,-0.13646286003614
28.6666666666667,-0.138746439825236,-0.13646286003614
28.6833333333333,-0.189626007534894,-0.357807289588717
28.7,-0.179383950848531,-0.342541663095631
28.7166666666667,0.0210222625161869,-0.147159019537636
28.7333333333333,-0.144344061374264,-0.147159019537636
28.75,-0.185056540543304,-0.342541663095631
28.7666666666667,0.034230353460638,-0.34867204240472
28.7833333333333,0.245995148022335,-0.131978406383929
28.8,0.034230353460638,-0.354012899792547
28.8166666666667,0.019839265105086,-0.153351474418346
28.8333333333333,-0.140971323106404,-0.369407575106242
28.85,-0.186158211414209,-0.569407618696011
28.8666666666667,-0.191820530825296,-0.34867204240472
28.8833333333333,-0.346887537216961,-0.349450801939166
28.9,0.244708665424576,-0.148870638973703
28.9166666666667,0.034230353460638,-0.133376688289867
28.9333333333333,-0.191820530825296,-0.138812014805101
28.95,-0.191820530825296,-0.354012899792547
28.9666666666667,-0.357037122066306,-0.35934895093764
28.9833333333333,0.0243201005497291,-0.143534587828609
29.0,-0.140971323106404,0.0662358596993592
29.0166666666667,0.238946569459988,-0.148870638973703
29.0333333333333,-0.146558810102368,-0.148870638973703
29.05,0.0186577811386421,0.071666297158837
29.0666666666667,-0.357037122066306,-0.354012899792547
29.0833333333333,0.0186577811386421,-0.138193730440782
29.1,0.234465734015345,-0.148015423273252
29.1166666666667,0.0186577811386421,-0.36417079933129
29.1333333333333,0.0243201005497291,0.0662358596993592
29.15,-0.187258432971915,-0.13424991695172
29.1666666666667,-0.196386311017704,-0.353237822597128
29.1833333333333,-0.145452158551047,-0.148015423273252
29.2,0.234465734015345,0.0726207882294283
29.2166666666667,-0.361602902258713,-0.358578679984955
29.2333333333333,0.0096924920417876,0.0681363345772169
29.25,0.0354318913106319,-0.358578679984955
29.2666666666667,0.0239024773036427,-0.137942468482274
29.2833333333333,0.014176945693999,-0.153351474418346
29.3,-0.35601541526275,-0.358578679984955
29.3166666666667,-0.360584882254339,-0.357807289588717
29.3333333333333,-0.149936612203258,-0.147159019537636
29.35,-0.195293458598206,-0.363148146976545
29.3666666666667,0.235743376327721,-0.152499876925464
29.3833333333333,0.0153548114528746,0.0735765567536546
29.4,0.0153548114528746,0.0735765567536546
29.4166666666667,0.0018796973729699,0.0546612204973123
29.4333333333333,-0.199866616856331,-0.362380447846842
29.45,0.0262892660609175,-0.362380447846842
29.4666666666667,0.017131857839518,-0.371537856068242
29.4833333333333,-0.194199165793019,-0.362380447846842
29.5,-0.188526576098245,-0.362380447846842
29.5166666666667,-0.203356574014418,-0.371537856068242
29.5333333333333,0.0320618132833523,-0.351684288345346
29.55,0.0222067759669422,-0.151647095781655
29.5666666666667,0.0222067759669422,-0.140950936280159
29.5833333333333,0.0132197381310561,-0.149937974116045
29.6,0.0132197381310561,-0.149937974116045
29.6166666666667,0.0229044050619528,-0.360841696566745
29.6333333333333,-0.197683984319644,-0.360841696566745
29.65,0.177075265287215,0.0189552803046396
29.6666666666667,0.233808127512653,-0.149937974116045
29.6833333333333,0.0015212339407803,0.0038048137298758
29.7,0.172640261295111,0.0038048137298758
29.7166666666667,0.0143985030533528,-0.143721481929223
29.7333333333333,0.0098958924577281,-0.153584239965701
29.75,0.0127317168094407,0.224739388337473
29.7666666666667,0.184011196832565,0.0091601288716816
29.7833333333333,0.173884556805704,0.015446670160442
29.8,0.173884556805704,0.0100816838770378
29.8166666666667,0.178323149241201,0.0252550942772011
29.8333333333333,0.173884556805704,0.0100816838770378
29.85,-0.150012652027942,-0.148224092524848
29.8666666666667,0.0167605727799547,-0.141995529775409
29.8833333333333,0.0212668279951828,-0.148224092524848
29.9,0.175130419161204,0.0110044849245774
29.9166666666667,-0.148906032086934,-0.147365361456671
29.9333333333333,0.0094638142943146,0.0110044849245774
29.95,0.18652202141275,0.0163743166058396
29.9666666666667,-0.187603020220691,-0.357750725027601
29.9833333333333,0.175130419161204,0.0110044849245774
30.0,0.182076239012488,0.0173032178518653
